TIPO,ID,NOME,DEPENDENCIA
MACRO,10000003,CIÊNCIAS EXATAS E DA TERRA,
AREA,10100008,MATEMÁTICA,10000003
SUB,10101004,ALGEBRA,10100008
SUB,10101012,CONJUNTOS,10100008
SUB,10101020,LÓGICA MATEMÁTICA,10100008
SUB,10101039,TEORIA DOS NÚMEROS,10100008
SUB,10101047,GRUPO DE ÁLGEBRA NÃO-COMUTATIVA,10100008
SUB,10101055,ÁLGEBRA COMUTATIVA,10100008
SUB,10101063,GEOMETRIA ALGÉBRICA,10100008
SUB,10102000,ANÁLISE,10100008
SUB,10102019,ANÁLISE COMPLEXA,10100008
SUB,10102027,ANÁLISE FUNCIONAL,10100008
SUB,10102035,ANÁLISE FUNCIONAL NÃO-LINEAR,10100008
SUB,10102043,EQUAÇÕES DIFERENCIAIS ORDINÁRIAS,10100008
SUB,10102051,EQUAÇÕES DIFERENCIAIS PARCIAIS,10100008
SUB,10102060,EQUAÇÕES DIFERENCIAIS FUNCIONAIS,10100008
SUB,10103007,GEOMETRIA E TOPOLOGIA,10100008
SUB,10103015,GEOMETRIA DIFERÊNCIAL,10100008
SUB,10103023,TOPOLOGIA ALGÉBRICA,10100008
SUB,10103031,TOPOLOGIA DAS VARIEDADES,10100008
SUB,10103040,SISTEMAS DINÂMICOS,10100008
SUB,10103058,TEORIA DAS SINGULARIDADES E TEORIA DAS CATÁSTROFES,10100008
SUB,10103066,TEORIA DAS FOLHEAÇÕES,10100008
SUB,10104003,MATEMÁTICA APLICADA,10100008
SUB,10104011,FÍSICA MATEMÁTICA,10100008
SUB,10104020,ANÁLISE NUMÉRICA,10100008
SUB,10104038,MATEMÁTICA DISCRETA E COMBINATÓRIA,10100008
AREA,10200002,PROBABILIDADE E ESTATÍSTICA,10000003
SUB,10201017,TEORIA GERAL E FUNDAMENTOS DA PROBABILIDADE,10200002
SUB,10201025,TEORIA GERAL E PROCESSOS ESTOCÁSTICOS,10200002
SUB,10201033,TEOREMAS DE LIMITE,10200002
SUB,10201041,PROCESSOS MARKOVIANOS,10200002
SUB,10201050,ANÁLISE ESTOCÁSTICA,10200002
SUB,10201068,PROCESSOS ESTOCÁSTICOS ESPECIAIS,10200002
SUB,10202005,ESTATÍSTICA,10200002
SUB,10202013,FUNDAMENTOS DA ESTATÍSTICA,10200002
SUB,10202021,INFERÊNCIA PARAMÉTRICA,10200002
SUB,10202030,INFERÊNCIA NÃO-PARAMÉTRICA,10200002
SUB,10202048,INFERÊNCIA EM PROCESSOS ESTOCÁSTICOS,10200002
SUB,10202056,ANÁLISE MULTIVARIADA,10200002
SUB,10202064,REGRESSÃO E CORRELAÇÃO,10200002
SUB,10202072,PLANEJAMENTO DE EXPERIMENTOS,10200002
SUB,10202080,ANÁLISE DE DADOS,10200002
SUB,10203001,PROBABILIDADE E ESTATÍSTICA APLICADAS,10200002
AREA,10300007,CIÊNCIA DA COMPUTAÇÃO,10000003
SUB,10301003,TEORIA DA COMPUTAÇÃO,10300007
SUB,10301011,COMPUTABILIDADE E MODELOS DE COMPUTAÇÃO,10300007
SUB,10301020,LINGUAGEM FORMAIS E AUTÔMATOS,10300007
SUB,10301038,ANÁLISE DE ALGORÍTMOS E COMPLEXIDADE DE COMPUTAÇÃO,10300007
SUB,10301046,LÓGICAS E SEMÂNTICA DE PROGRAMAS,10300007
SUB,10302000,MATEMÁTICA DA COMPUTAÇÃO,10300007
SUB,10302018,MATEMÁTICA SIMBÓLICA,10300007
SUB,10302026,MODELOS ANALÍTICOS E DE SIMULAÇÃO,10300007
SUB,10303006,METODOLOGIA E TÉCNICAS DA COMPUTAÇÃO,10300007
SUB,10303014,LINGUAGENS DE PROGRAMAÇÃO,10300007
SUB,10303022,ENGENHARIA DE SOFTWARE,10300007
SUB,10303030,BANCO DE DADOS,10300007
SUB,10303049,SISTEMAS DE INFORMAÇÃO,10300007
SUB,10303057,PROCESSAMENTO GRÁFICO (GRAPHICS),10300007
SUB,10304002,SISTEMA DE COMPUTAÇÃO,10300007
SUB,10304010,HARDWARE,10300007
SUB,10304029,ARQUITETURA DE SISTEMAS DE COMPUTAÇÃO,10300007
SUB,10304037,SOFTWARE BÁSICO,10300007
SUB,10304045,TELEINFORMÁTICA,10300007
AREA,10400001,ASTRONOMIA,10000003
SUB,10401008,ASTRONOMIA DE POSIÇÃO E MECÂNICA CELESTE,10400001
SUB,10401016,ASTRONOMIA FUNDAMENTAL,10400001
SUB,10401024,ASTRONOMIA DINÂMICA,10400001
SUB,10402004,ASTROFÍSICA ESTELAR,10400001
SUB,10403000,ASTROFÍSICA DO MEIO INTERESTELAR,10400001
SUB,10403019,MEIO INTERESTELAR,10400001
SUB,10403027,NEBULOSA,10400001
SUB,10404007,ASTROFÍSICA EXTRAGALÁTICA,10400001
SUB,10404015,GALÁXIAS,10400001
SUB,10404023,AGLOMERADOS DE GALÁXIAS,10400001
SUB,10404031,QUASARES,10400001
SUB,10404040,COSMOLOGIA,10400001
SUB,10405003,ASTROFÍSICA DO SISTEMA SOLAR,10400001
SUB,10405011,FÍSICA SOLAR,10400001
SUB,10405020,MOVIMENTO DA TERRA,10400001
SUB,10405038,SISTEMA PLANETÁRIO,10400001
SUB,10406000,INSTRUMENTAÇÃO ASTRONÔMICA,10400001
SUB,10406018,ASTRONOMIA ÓTICA,10400001
SUB,10406026,RADIOASTRONOMIA,10400001
SUB,10406034,ASTRONOMIA ESPACIAL,10400001
SUB,10406042,PROCESSAMENTO DE DADOS ASTRONÔMICOS,10400001
AREA,10500006,FÍSICA,10000003
SUB,10501002,FÍSICA GERAL,10500006
SUB,10501010,MÉTODOS MATEMÁTICOS DA FÍSICA,10500006
SUB,10501029,FÍSICA CLÁSSICA E FÍSICA QUÂNTICA; MECÂNICA E CAMPOS,10500006
SUB,10501037,RELATIVIDADE E GRAVITAÇÃO,10500006
SUB,10501045,FÍSICA ESTATÍSTICA E TERMODINÂMICA,10500006
SUB,10501053,"METROLOGIA, TECN. GER. DE LAB. E SIST. DE INSTRUMENTAÇÃO",10500006
SUB,10501061,INSTRUMENTAÇÃO ESPECÍFICA DE USO GERAL EM FÍSICA,10500006
SUB,10502009,ÁREAS CLÁSSICAS DE FENOMENOLOGIA E SUAS APLICAÇÕES,10500006
SUB,10502017,ELETRICIDADE E MAGNETISMO; CAMPOS E PARTÍCULAS CARREGADAS,10500006
SUB,10502025,ÓTICA,10500006
SUB,10502033,ACÚSTICA,10500006
SUB,10502041,TRANSFERÊNCIA DE CALOR; PROCESSOS TÉRMICOS E TERMODINÂMICOS,10500006
SUB,10502050,"MECÂNICA, ELASTICIDADE E REOLOGIA",10500006
SUB,10502068,DINÂMICA DOS FLUIDOS,10500006
SUB,10503005,FÍSICA DAS PARTÍCULAS ELEMENTARES E CAMPOS,10500006
SUB,10503013,TEORIA GERAL DE PARTÍCULAS E CAMPOS,10500006
SUB,10503021,TEOR.ESP.E MOD.DE INTERAÇÃO; SIST.DE PARTÍCULAS; R.CÓSMICOS,10500006
SUB,10503030,REAÇÕES ESPECÍFICAS E FENOMIOLOGIA DE PARTÍCULAS,10500006
SUB,10503048,PROPRIEDADES DE PARTÍCULAS ESPECÍFICAS E RESSONÂNCIAS,10500006
SUB,10504001,FÍSICA NUCLEAR,10500006
SUB,10504010,ESTRUTURA NUCLEAR,10500006
SUB,10504028,DESINTEGRAÇÃO NUCLEAR E RADIOATIVIDADE,10500006
SUB,10504036,REAÇÕES NUCLEARES E ESPALHAMENTO GERAL,10500006
SUB,10504044,REAÇÕES NUCLEARES E ESPALHAMENTO (REAÇÕES ESPECÍFICAS),10500006
SUB,10504052,PROPRIEDADES DE NÚCLEOS ESPECÍFICOS,10500006
SUB,10504060,MET.EXPER.E INSTRUMENT.PARA PART.ELEMENT.E FÍSICA NUCLEAR,10500006
SUB,10505008,FÍSICA ATÔMICA E MOLECULAR,10500006
SUB,10505016,ESTRUTURA ELETRÔNICA DE ÁTOMOS E MOLÉCULAS; TEORIA,10500006
SUB,10505024,ESPECTROS ATÔMICOS E INTEGRAÇÃO DE FÓTONS,10500006
SUB,10505032,ESPECTROS MOLECUL. E INTERAÇÕES DE FÓTONS COM MOLÉCULAS,10500006
SUB,10505040,PROCESSOS DE COLISÃO E INTERAÇÕES DE ÁTOMOS E MOLÉCULAS,10500006
SUB,10505059,INF.SOB.ATOM.E MOL.OBIT.EXPERIMENTALMENTE; INST.E TÉCNICAS,10500006
SUB,10505067,ESTUDOS DE ÁTOMOS E MOLÉCULAS ESPECIAIS,10500006
SUB,10506004,"FÍSICA DOS FLÚIDOS, FÍSICA DE PLASMAS E DESCARGAS ELÉTRICAS",10500006
SUB,10506012,CINÉTICA E TEOR.DE TRANSP.DE FLÚIDOS; PROPRIED.FIS.DE GASES,10500006
SUB,10506020,FÍSICA DE PLASMAS E DESCARGAS ELÉTRICAS,10500006
SUB,10507000,FÍSICA DA MATÉRIA CONDENSADA,10500006
SUB,10507019,ESTRUTURA DE LÍQUIDOS E SÓLIDOS; CRISTALOGRAFIA,10500006
SUB,10507027,PROPRIEDADES MECÂNICAS E ACÚSTICAS DA MATÉRIA CONDENSADA,10500006
SUB,10507035,DINÂMICA DA REDE E ESTATÍSTICA DE CRISTAIS,10500006
SUB,10507043,"EQUAÇÃO DE ESTADO, EQUILIB. DE FASES E TRANSIÇÕES DE FASES",10500006
SUB,10507051,PROPRIEDADES TÉRMICAS DA MATÉRIA CONDENSADA,10500006
SUB,10507060,PROPRIEDADES DE TRANSP.DE MATÉRIA COND. (NÃO ELETRÔNICAS),10500006
SUB,10507078,"CAMPOS QUÂNTICOS E SÓLIDOS, HÉLIO, LÍQUIDO, SÓLIDO",10500006
SUB,10507086,SUPERFÍCIES E INTERFACES; PELÍCULAS E FILAMENTOS,10500006
SUB,10507094,ESTADOS ELETRÔNICOS,10500006
SUB,10507108,TRANSP.ELETR.E PROPR.ELET.DE SUPERFÍCIES; INTERF.E PELÍCULAS,10500006
SUB,10507116,ESTRUT.ELETR.E PROPR.ELET.DE SUPERFÍCIES; INTERF.E PELÍCULAS,10500006
SUB,10507124,SUPERCONDUTIVIDADE,10500006
SUB,10507132,MATERIAIS MAGNÉTICOS E PROPRIEDADES MAGNÉTICAS,10500006
SUB,10507140,RESS.MAGN. REL.MAT.COND.; EFEIT.MOSBAUER; CORR.ANG.PERTUBADA,10500006
SUB,10507159,MATERIAIS DIELÉTRICOS E PROPRIEDADES DIELÉTRICAS,10500006
SUB,10507167,PROP.OTIC.E ESPEC.MATR.COND.; OUTRAS INTER.MAT.COM RAD.PART.,10500006
SUB,10507175,EMISSÃO ELETRON.E IÔNICA POR LIQ.E SÓLIDOS; FENOM.DE IMPACTO,10500006
AREA,10600000,QUÍMICA,10000003
SUB,10601007,QUÍMICA ORGÂNICA,10600000
SUB,10601015,"ESTRUTURA, CONFORMAÇÃO E ESTEREOQUÍMICA",10600000
SUB,10601023,SÍNTESE ORGÂNICA,10600000
SUB,10601031,FÍSICO-QUÍMICA ORGÂNICA,10600000
SUB,10601040,FOTOQUÍMICA ORGÂNICA,10600000
SUB,10601058,QUÍMICA DOS PRODUTOS NATURAIS,10600000
SUB,10601066,"EVOLUÇÃO, SISTEMÁTICA E ECOLOGIA QUÍMICA",10600000
SUB,10601074,POLÍMEROS E COLÓIDES,10600000
SUB,10602003,QUÍMICA INORGÂNICA,10600000
SUB,10602011,CAMPOS DE COORDENAÇÃO,10600000
SUB,10602020,NÃO-METAIS E SEUS COMPOSTOS,10600000
SUB,10602038,COMPOSTOS ORGANO-METÁLICOS,10600000
SUB,10602046,DETERMINAÇÃO DE ESTRUTURAS DE COMPOSTOS INORGÂNICOS,10600000
SUB,10602054,FOTO-QUÍMICA INORGÂNICA,10600000
SUB,10602062,FÍSICO QUÍMICA INORGÂNICA,10600000
SUB,10602070,QUÍMICA BIO-INORGÂNICA,10600000
SUB,10603000,FÍSICO-QUÍMICA,10600000
SUB,10603018,CINÉTICA QUÍMICA E CATALISE,10600000
SUB,10603026,ELETROQUÍMICA,10600000
SUB,10603034,ESPECTROSCOPIA,10600000
SUB,10603042,QUÍMICA DE INTERFACES,10600000
SUB,10603050,QUÍMICA DO ESTADO CONDENSADO,10600000
SUB,10603069,QUÍMICA NÚCLEAR E RADIOQUÍMICA,10600000
SUB,10603077,QUÍMICA TEÓRICA,10600000
SUB,10603085,TERMODINÂMICA QUÍMICA,10600000
SUB,10604006,QUÍMICA ANALÍTICA,10600000
SUB,10604014,SEPARAÇÃO,10600000
SUB,10604022,MÉTODOS ÓTICOS DE ANÁLISE,10600000
SUB,10604030,ELETROANALÍTICA,10600000
SUB,10604049,GRAVIMETRIA,10600000
SUB,10604057,TITIMETRIA,10600000
SUB,10604065,INSTRUMENTAÇÃO ANALÍTICA,10600000
SUB,10604073,ANÁLISE DE TRAÇOS E QUÍMICA AMBIENTAL,10600000
AREA,10700005,GEOCIÊNCIAS,10000003
SUB,10701001,GEOLOGIA,10700005
SUB,10701010,MINERALOGIA,10700005
SUB,10701028,PETROLOGIA,10700005
SUB,10701036,GEOQUÍMICA,10700005
SUB,10701044,GEOLOGIA REGIONAL,10700005
SUB,10701052,GEOTECTÔNICA,10700005
SUB,10701060,GEOCRONOLOGIA,10700005
SUB,10701079,CARTOGRAFIA GEOLÓGICA,10700005
SUB,10701087,METALOGENIA,10700005
SUB,10701095,HIDROGEOLOGIA,10700005
SUB,10701109,PROSPECÇÃO MINERAL,10700005
SUB,10701117,SEDIMENTOLOGIA,10700005
SUB,10701125,PALEONTOLOGIA ESTRATIGRÁFICA,10700005
SUB,10701133,ESTRATIGRAFIA,10700005
SUB,10701141,GEOLOGIA AMBIENTAL,10700005
SUB,10702008,GEOFÍSICA,10700005
SUB,10702016,GEOMAGNETISMO,10700005
SUB,10702024,SISMOLOGIA,10700005
SUB,10702032,GEOTERMIA E FLUXO TÉRMICO,10700005
SUB,10702040,PROPRIEDADES FÍSICAS DAS ROCHAS,10700005
SUB,10702059,GEOFÍSICA NUCLEAR,10700005
SUB,10702067,SENSORIAMENTO REMOTO,10700005
SUB,10702075,AERONOMIA,10700005
SUB,10702083,DESENVOLVIMENTO DE INSTRUMENTAÇÃO GEOFÍSICA,10700005
SUB,10702091,GEOFÍSICA APLICADA,10700005
SUB,10702105,GRAVIMETRIA,10700005
SUB,10703004,METEOROLOGIA,10700005
SUB,10703012,METEOROLOGIA DINÂMICA,10700005
SUB,10703020,METEOROLOGIA SINÓTICA,10700005
SUB,10703039,METEOROLOGIA FÍSICA,10700005
SUB,10703047,QUÍMICA DA ATMOSFERA,10700005
SUB,10703055,INSTRUMENTAÇÃO METEOROLÓGICA,10700005
SUB,10703063,CLIMATOLOGIA,10700005
SUB,10703071,MICROMETEOROLOGIA,10700005
SUB,10703080,SENSORIAMENTO REMOTO DA ATMOSFERA,10700005
SUB,10703098,METEOROLOGIA APLICADA,10700005
SUB,10704000,GEODÉSIA,10700005
SUB,10704019,GEODÉSIA FÍSICA,10700005
SUB,10704027,GEODÉSIA GEOMÉTRICA,10700005
SUB,10704035,GEODÉSIA CELESTE,10700005
SUB,10704043,FOTOGRAMETRIA,10700005
SUB,10704051,CARTOGRAFIA BÁSICA,10700005
SUB,10705007,GEOGRAFIA FÍSICA,10700005
SUB,10705015,GEOMORFOLOGIA,10700005
SUB,10705023,CLIMATOLOGIA GEOGRÁFICA,10700005
SUB,10705031,PEDOLOGIA,10700005
SUB,10705040,HIDROGEOGRAFIA,10700005
SUB,10705058,GEOECOLOGIA,10700005
SUB,10705066,FOTOGEOGRAFIA (FÍSICO-ECOLÓGICA),10700005
SUB,10705074,GEOCARTOGRAFIA,10700005
SUB,10802002,OCEANOGRAFIA FÍSICA,10700005
SUB,10802010,VARIÁVEIS FÍSICAS DA ÁGUA DO MAR,10700005
SUB,10802029,MOVIMENTO DA ÁGUA DO MAR,10700005
SUB,10802037,ORIGEM DAS MASSAS DE ÁGUA,10700005
SUB,10802045,INTERAÇÃO DO OCEANO COM O LEITO DO MAR,10700005
SUB,10802053,INTERAÇÃO DO OCEANO COM A ATMOSFERA,10700005
SUB,10803009,OCEANOGRAFIA QUÍMICA,10700005
SUB,10803017,PROPRIEDADES QUÍMICAS DA ÁGUA DO MAR,10700005
SUB,10803025,INTER.QUÍM.-BIOL./GEOL.DAS SUBST. QUIM.DA ÁGUA DO MAR,10700005
SUB,10804005,OCEANOGRAFIA GEOLÓGICA,10700005
SUB,10804013,GEOMORFOLOGIA SUBMARINA,10700005
SUB,10804021,SEDIMENTOLOGIA MARINHA,10700005
SUB,10804030,GEOFÍSICA MARINHA,10700005
SUB,10804048,GEOQUÍMICA MARINHA,10700005
MACRO,20000006,CIÊNCIAS BIOLÓGICAS,
AREA,20100000,BIOLOGIA GERAL,20000006
AREA,20200005,GENÉTICA,20000006
SUB,20201001,GENÉTICA QUANTITATIVA,20200005
SUB,20202008,GENÉTICA MOLECULAR E DE MICROORGANISMOS,20200005
SUB,20203004,GENÉTICA VEGETAL,20200005
SUB,20204000,GENÉTICA ANIMAL,20200005
SUB,20205007,GENÉTICA HUMANA E MÉDICA,20200005
SUB,20206003,MUTAGENESE,20200005
AREA,20600003,MORFOLOGIA,20000006
SUB,20601000,CITOLOGIA E BIOLOGIA CELULAR,20600003
SUB,20602006,EMBRIOLOGIA,20600003
SUB,20603002,HISTOLOGIA,20600003
SUB,20604009,ANATOMIA,20600003
SUB,20604017,ANATOMIA HUMANA,20600003
SUB,20604025,ANATOMIA ANIMAL,20600003
AREA,20700008,FISIOLOGIA,20000006
SUB,20701004,FISIOLOGIA GERAL,20700008
SUB,20702000,FISIOLOGIA DOS ÓRGÃOS E SISTEMAS,20700008
SUB,20702019,NEUROFISIOLOGIA,20700008
SUB,20702027,FISIOLOGIA CARDIOVASCULAR,20700008
SUB,20702035,FISIOLOGIA DA RESPIRAÇÃO,20700008
SUB,20702043,FISIOLOGIA RENAL,20700008
SUB,20702051,FISIOLOGIA ENDÓCRINA,20700008
SUB,20702060,FISIOLOGIA DA DIGESTÃO,20700008
SUB,20702078,CINESIOLOGIA,20700008
SUB,20703007,FISIOLOGIA DO ESFORÇO,20700008
SUB,20704003,FISIOLOGIA COMPARADA,20700008
AREA,20800002,BIOQUÍMICA,20000006
SUB,20801009,QUÍMICA DE MACROMOLÉCULAS,20800002
SUB,20801017,PROTEÍNAS,20800002
SUB,20801025,LIPÍDEOS,20800002
SUB,20801033,GLICÍDEOS,20800002
SUB,20802005,BIOQUÍMICA DOS MICROORGANISMOS,20800002
SUB,20803001,METABOLISMO E BIOENERGÉTICA,20800002
SUB,20804008,BIOLOGIA MOLECULAR,20800002
SUB,20805004,ENZIMOLOGIA,20800002
AREA,20900007,BIOFÍSICA,20000006
SUB,20901003,BIOFÍSICA MOLECULAR,20900007
SUB,20902000,BIOFÍSICA CELULAR,20900007
SUB,20903006,BIOFÍSICA DE PROCESSOS E SISTEMAS,20900007
SUB,20904002,RADIOLOGIA E FOTOBIOLOGIA,20900007
AREA,21000000,FARMACOLOGIA,20000006
SUB,21001006,FARMACOLOGIA GERAL,21000000
SUB,21001014,FARMACOCINÉTICA,21000000
SUB,21001022,BIODISPONIBILIDADE,21000000
SUB,21002002,FARMACOLOGIA AUTONÔMICA,21000000
SUB,21003009,NEUROPSICOFARMACOLOGIA,21000000
SUB,21004005,FARMACOLOGIA CARDIORENAL,21000000
SUB,21005001,FARMACOLOGIA BIOQUIMICA E MOLECULAR,21000000
SUB,21006008,ETNOFARMACOLOGIA,21000000
SUB,21007004,TOXICOLOGIA,21000000
SUB,21008000,FARMACOLOGIA CLÍNICA,21000000
AREA,21100004,IMUNOLOGIA,20000006
SUB,21101000,IMUNOQUÍMICA,21100004
SUB,21102007,IMUNOLOGIA CELULAR,21100004
SUB,21103003,IMUNOGENÉTICA,21100004
SUB,21104000,IMUNOLOGIA APLICADA,21100004
AREA,21200009,MICROBIOLOGIA,20000006
SUB,21201005,BIOLOGIA E FISIOLOGIA DOS MICROORGANISMOS,21200009
SUB,21201013,VIROLOGIA,21200009
SUB,21201021,BACTERIOLOGIA,21200009
SUB,21201030,MICOLOGIA,21200009
SUB,21202001,MICROBIOLOGIA APLICADA,21200009
SUB,21202010,MICROBIOLOGIA MÉDICA,21200009
SUB,21202028,MICROBIOLOGIA INDUSTRIAL E DE FERMENTAÇÃO,21200009
AREA,21300003,PARASITOLOGIA,20000006
SUB,21301000,PROTOZOOLOGIA DE PARASITOS,21300003
SUB,21301018,PROTOZOOLOGIA PARASITÁRIA HUMANA,21300003
SUB,21301026,PROTOZOOLOGIA PARASITÁRIA ANIMAL,21300003
SUB,21302006,HELMINTOLOGIA DE PARASITOS,21300003
SUB,21302014,HELMINTOLOGIA HUMANA,21300003
SUB,21302022,HELMINTOLOGIA ANIMAL,21300003
SUB,21303002,ENTOMOLOGIA E MALACOLOGIA DE PARASITOS E VETORES,21300003
AREA,20500009,ECOLOGIA,20000006
SUB,20501005,ECOLOGIA TEÓRICA,20500009
SUB,20502001,ECOLOGIA DE ECOSSISTEMAS,20500009
SUB,20503008,ECOLOGIA APLICADA,20500009
AREA,10800000,OCEANOGRAFIA,20000006
SUB,10801006,OCEANOGRAFIA BIOLÓGICA,10800000
SUB,10801014,INTER.ENTRE OS ORGAN.MARINHOS E OS PARÂMETROS AMBIENTAIS,10800000
AREA,20300000,BOTÂNICA,20000006
SUB,20301006,PALEOBOTÂNICA,20300000
SUB,20302002,MORFOLOGIA VEGETAL,20300000
SUB,20302010,MORFOLOGIA EXTERNA,20300000
SUB,20302029,CITOLOGIA VEGETAL,20300000
SUB,20302037,ANATOMIA VEGETAL,20300000
SUB,20302045,PALINOLOGIA,20300000
SUB,20303009,FISIOLOGIA VEGETAL,20300000
SUB,20303017,NUTRIÇÃO E CRESCIMENTO VEGETAL,20300000
SUB,20303025,REPRODUÇÃO VEGETAL,20300000
SUB,20303033,ECOFISIOLOGIA VEGETAL,20300000
SUB,20304005,TAXONOMIA VEGETAL,20300000
SUB,20304013,TAXONOMIA DE CRIPTÓGAMOS,20300000
SUB,20304021,TAXONOMIA DE FANEROGAMOS,20300000
SUB,20305001,FITOGEOGRAFIA,20300000
SUB,20306008,BOTÂNICA APLICADA,20300000
AREA,20400004,ZOOLOGIA,20000006
SUB,20401000,PALEOZOOLOGIA,20400004
SUB,20402007,MORFOLOGIA DOS GRUPOS RECENTES,20400004
SUB,20403003,FISIOLOGIA DOS GRUPOS RECENTES,20400004
SUB,20404000,COMPORTAMENTO ANIMAL,20400004
SUB,20405006,TAXONOMIA DOS GRUPOS RECENTES,20400004
SUB,20406002,ZOOLOGIA APLICADA,20400004
SUB,20406010,CONSERVAÇÃO DAS ESPÉCIES ANIMAIS,20400004
SUB,20406029,UTILIZAÇÃO DOS ANIMAIS,20400004
SUB,20406037,CONTROLE POPULACIONAL DE ANIMAIS,20400004
MACRO,30000009,ENGENHARIAS,
AREA,30100003,ENGENHARIA CIVIL,30000009
SUB,30101000,CONSTRUÇÃO CIVIL,30100003
SUB,30101018,MATERIAIS E COMPONENTES DE CONSTRUÇÃO,30100003
SUB,30101026,PROCESSOS CONSTRUTIVOS,30100003
SUB,30101034,INSTALAÇÕES PREDIAIS,30100003
SUB,30102006,ESTRUTURAS,30100003
SUB,30102014,ESTRUTURAS DE CONCRETO,30100003
SUB,30102022,ESTRUTURAS DE MADEIRAS,30100003
SUB,30102030,ESTRUTURAS METÁLICAS,30100003
SUB,30102049,MECÂNICA DAS ESTRUTURAS,30100003
SUB,30103002,GEOTÉCNICA,30100003
SUB,30103010,FUNDAÇÕES E ESCAVAÇÕES,30100003
SUB,30103029,MECÂNICAS DAS ROCHAS,30100003
SUB,30103037,MECÂNICA DOS SOLOS,30100003
SUB,30103045,OBRAS DE TERRA E ENROCAMENTO,30100003
SUB,30103053,PAVIMENTOS,30100003
SUB,30104009,ENGENHARIA HIDRÁULICA,30100003
SUB,30104017,HIDRÁULICA,30100003
SUB,30104025,HIDROLOGIA,30100003
SUB,30105005,INFRA-ESTRUTURA DE TRANSPORTES,30100003
SUB,30105013,AEROPORTOS; PROJETO E CONSTRUÇÃO,30100003
SUB,30105021,FERROVIAS; PROJETOS E CONSTRUÇÃO,30100003
SUB,30105030,PORTOS E VIAS NAVEGÁVEIS; PROJETO E CONSTRUÇÃO,30100003
SUB,30105048,RODOVIAS; PROJETO E CONSTRUÇÃO,30100003
AREA,30700000,ENGENHARIA SANITÁRIA,30000009
SUB,30701007,RECURSOS HÍDRICOS,30700000
SUB,30701015,PLANEJAMENTO INTEGRADO DOS RECURSOS HÍDRICOS,30700000
SUB,30701023,TECNOLOGIA E PROBLEMAS SANITÁRIOS DE IRRIGAÇÃO,30700000
SUB,30701031,ÁGUAS SUBTERRÂNEAS E POÇOS PROFUNDOS,30700000
SUB,30701040,CONTROLE DE ENCHENTES E DE BARRAGENS,30700000
SUB,30701058,SEDIMENTOLOGIA,30700000
SUB,30702003,TRATAMENTO DE ÁGUAS DE ABASTECIMENTO E RESIDUÁRIAS,30700000
SUB,30702011,QUÍMICA SANITÁRIA,30700000
SUB,30702020,PROCESSOS SIMPLIFICADOS DE TRATAMENTO DE ÁGUAS,30700000
SUB,30702038,TÉCNICAS CONVENCIONAIS DE TRATAMENTO DE ÁGUAS,30700000
SUB,30702046,TÉCNICAS AVANÇADAS DE TRATAMENTO DE ÁGUAS,30700000
SUB,30702054,ESTUDOS E CARACTERIZAÇÃO DE EFLUENTES INDUSTRIAIS,30700000
SUB,30702062,LAY OUT DE PROCESSOS INDUSTRIAIS,30700000
SUB,30702070,RESÍDUOS RADIOATIVOS,30700000
SUB,30702078,TÉCNICAS CONVENCIONAIS DE TRATAMENTO DE ÁGUAS,30700000
SUB,30703000,SANEAMENTO BÁSICO,30700000
SUB,30703018,TÉCNICAS DE ABASTECIMENTO DA ÁGUA,30700000
SUB,30703026,DRENAGEM DE ÁGUAS RESIDUÁRIAS,30700000
SUB,30703034,DRENAGEM URBANA DE ÁGUAS PLUVIAIS,30700000
SUB,30703042,"RESÍDUOS SÓLIDOS, DOMÉSTICOS E INDUSTRIAIS",30700000
SUB,30703050,LIMPEZA PÚBLICA,30700000
SUB,30703069,INSTALAÇÕES HIDRÁULICO-SANITÁRIAS,30700000
SUB,30704006,SANEAMENTO AMBIENTAL,30700000
SUB,30704014,ECOLOGIA APLICADA À ENGENHARIA SANITÁRIA,30700000
SUB,30704022,MICROBIOLOGIA APLICADA E ENGENHARIA SANITÁRIA,30700000
SUB,30704030,PARASITOLOGIA APLICADA À ENGENHARIA SANITÁRIA,30700000
SUB,30704049,"QUALIDADE DO AR, DAS ÁGUAS E DO SOLO",30700000
SUB,30704057,CONTROLE DA POLUIÇÃO,30700000
SUB,30704065,LEGISLAÇÃO AMBIENTAL,30700000
AREA,31000002,ENGENHARIA DE TRANSPORTES,30000009
SUB,31001009,PLANEJAMENTO DE TRANSPORTES,31000002
SUB,31001017,PLANEJAMENTO E ORGANIZAÇÃO DO SISTEMA DE TRANSPORTE,31000002
SUB,31001025,ECONOMIA DOS TRANSPORTES,31000002
SUB,31002005,VEÍCULOS E EQUIPAMENTOS DE CONTROLE,31000002
SUB,31002013,VIAS DE TRANSPORTE,31000002
SUB,31002021,VEÍCULOS DE TRANSPORTES,31000002
SUB,31002030,ESTAÇÃO DE TRANSPORTE,31000002
SUB,31002048,EQUIPAMENTOS AUXILIARES E CONTROLES,31000002
SUB,31003001,OPERAÇÕES DE TRANSPORTES,31000002
SUB,31003010,ENGENHARIA DE TRÁFEGO,31000002
SUB,31003028,CAPACIDADE DE VIAS DE TRANSPORTE,31000002
SUB,31003036,OPERAÇÃO DE SISTEMAS DE TRANSPORTE,31000002
AREA,30200008,ENGENHARIA DE MINAS,30000009
SUB,30201004,PESQUISA MINERAL,30200008
SUB,30201012,CARACTERIZAÇÃO DO MINÉRIO,30200008
SUB,30201020,DIMENSIONAMENTO DE JAZIDAS,30200008
SUB,30202000,LAVRA,30200008
SUB,30202019,LAVRA A CÉU ABERTO,30200008
SUB,30202027,LAVRA DE MINA SUBTERRÂNEA,30200008
SUB,30202035,EQUIPAMENTOS DE LAVRA,30200008
SUB,30203007,TRATAMENTO DE MINÉRIOS,30200008
SUB,30203015,MÉTODOS DE CONCENTRAÇÃO E ENRIQUECIMENTOS DE MINÉRIOS,30200008
SUB,30203023,EQUIPAMENTOS DE BENEFICIAMENTO DE MINÉRIOS,30200008
AREA,30300002,ENGENHARIA DE MATERIAIS E METALÚRGICA,30000009
SUB,30301009,INSTALAÇÕES E EQUIPAMENTOS METALÚRGICOS,30300002
SUB,30301017,INSTALAÇÕES METALÚRGICAS,30300002
SUB,30301025,EQUIPAMENTOS METALÚRGICOS,30300002
SUB,30302005,METALURGIA EXTRATIVA,30300002
SUB,30302013,AGLOMERAÇÃO,30300002
SUB,30302021,ELETROMETALURGIA,30300002
SUB,30302030,HIDROMETALURGIA,30300002
SUB,30302048,PIROMETALURGIA,30300002
SUB,30302056,TRATAMENTO DE MINÉRIOS,30300002
SUB,30303001,METALURGIA DE TRANSFORMAÇÃO,30300002
SUB,30303010,CONFORMAÇÃO MECÂNICA,30300002
SUB,30303028,FUNDIÇÃO,30300002
SUB,30303036,METALURGIA DE PÓ,30300002
SUB,30303044,RECOBRIMENTOS,30300002
SUB,30303052,SOLDAGEM,30300002
SUB,30303060,"TRATAMENTO TÉRMICO, MECÂNICOS E QUÍMICOS",30300002
SUB,30303079,USINAGEM,30300002
SUB,30304008,METALURGIA FÍSICA,30300002
SUB,30304016,ESTRUTURA DOS METAIS E LIGAS,30300002
SUB,30304024,PROPRIEDADES FÍSICAS DOS METAIS E LIGAS,30300002
SUB,30304032,PROPRIEDADES MECÂNICAS DOS METAIS E LIGAS,30300002
SUB,30304040,TRANSFORMAÇÃO DE FASES,30300002
SUB,30304059,CORROSÃO,30300002
SUB,30305004,MATERIAIS NÃO-METÁLICOS,30300002
SUB,30305012,EXTRAÇÃO E TRANSFORMAÇÃO DE MATERIAIS,30300002
SUB,30305020,CERÂMICOS,30300002
SUB,30305039,MATERIAIS CONJUGADOS NÃO-METÁLICOS,30300002
SUB,30305047,"POLÍMEROS,  APLICAÇÕES",30300002
AREA,30600006,ENGENHARIA QUÍMICA,30000009
SUB,30601002,PROCESSOS INDUSTRIAIS DE ENGENHARIA QUÍMICA,30600006
SUB,30601010,PROCESSOS BIOQUÍMICOS,30600006
SUB,30601029,PROCESSOS ORGÂNICOS,30600006
SUB,30601037,PROCESSOS INORGÂNICOS,30600006
SUB,30602009,OPERAÇÕES INDUSTRIAIS E EQUIPAMENTOS PARA ENG. QUÍMICA,30600006
SUB,30602017,REATORES QUÍMICOS,30600006
SUB,30602025,OPERAÇÕES CARACTERÍSTICAS DE PROCESSOS BIOQUÍMICOS,30600006
SUB,30602033,OPERAÇÕES DE SEPARAÇÃO E MISTURA,30600006
SUB,30603005,TECNOLOGIA QUÍMICA,30600006
SUB,30603013,BALANÇOS GLOBAIS DE MATÉRIA E ENERGIA,30600006
SUB,30603021,ÁGUA,30600006
SUB,30603030,ÁLCOOL,30600006
SUB,30603048,ALIMENTOS,30600006
SUB,30603056,BORRACHAS,30600006
SUB,30603064,CARVÃO,30600006
SUB,30603072,CERÂMICA,30600006
SUB,30603080,CIMENTO,30600006
SUB,30603099,COURO,30600006
SUB,30603102,DETERGENTES,30600006
SUB,30603110,FERTILIZANTES,30600006
SUB,30603129,MEDICAMENTOS,30600006
SUB,30603137,METAIS NÃO-FERROSOS,30600006
SUB,30603145,ÓLEOS,30600006
SUB,30603153,PAPEL E CELULOSE,30600006
SUB,30603161,PETRÓLEO E PETROQUÍMICA,30600006
SUB,30603170,POLÍMEROS,30600006
SUB,30603188,PRODUTOS NATURAIS,30600006
SUB,30603196,TÉXTEIS,30600006
SUB,30603200,TRATAMENTOS E APROVEITAMENTOS DE REJEITOS,30600006
SUB,30603218,XISTO,30600006
AREA,30900000,ENGENHARIA NUCLEAR,30000009
SUB,30901006,APLICAÇÕES DE RADIOISÓTOPOS,30900000
SUB,30901014,PRODUÇÃO DE RADIOISÓPOTOS,30900000
SUB,30901022,APLICAÇÕES INDUSTRIAIS DE RADIOISÓPOTOS,30900000
SUB,30901030,INSTRUMENTAÇÃO PARA MEDIDA E CONTROLE DE RADIAÇÃO,30900000
SUB,30902002,FUSÃO CONTROLADA,30900000
SUB,30902010,PROCESSOS INDUSTRIAIS DA FUSÃO CONTROLADA,30900000
SUB,30902029,PROBLEMAS TECNOLÓGICOS DA FUSÃO CONTROLADA,30900000
SUB,30903009,COMBUSTÍVEL NÚCLEAR,30900000
SUB,30903017,EXTRAÇÃO DE COMBUSTÍVEL NÚCLEAR,30900000
SUB,30903025,"CONVERSÃO, ENRIQUECIMENTO E FABRICAÇÃO DE COMBUST. NÚCLEAR",30900000
SUB,30903033,REPROCESSAMENTO DO COMBUSTÍVEL NÚCLEAR,30900000
SUB,30903041,REJEITOS DE COMBUSTÍVEL NÚCLEAR,30900000
SUB,30904005,TECNOLOGIA DOS REATORES,30900000
SUB,30904013,NÚCLEO DO REATOR,30900000
SUB,30904021,MATERIAIS NUCLEARES E BLINDAGEM DE REATORES,30900000
SUB,30904030,TRANSFERÊNCIA DE CALOR EM REATORES,30900000
SUB,30904048,GERAÇÃO E INTEGRAÇÃO COM SISTEMAS ELÉTRICOS EM REATORES,30900000
SUB,30904056,INSTRUMENTAÇÃO PARA OPERAÇÃO E CONTROLE DE REATORES,30900000
SUB,30904064,"SEGURANÇA, LOCALIZAÇÃO E LICENCIAMENTO DE REATORES",30900000
SUB,30904072,ASPECTOS ECONÔMICOS DE REATORES,30900000
AREA,30500001,ENGENHARIA MECÂNICA,30000009
SUB,30501008,FENÔMENOS DE TRANSPORTES,30500001
SUB,30501016,TRANSFERÊNCIA DE CALOR,30500001
SUB,30501024,MECÂNICA DOS FLUÍDOS,30500001
SUB,30501032,DINÂMICA DOS GASES,30500001
SUB,30501040,PRINCÍPIOS VARIACIONAIS E MÉTODOS NUMÉRICOS,30500001
SUB,30502004,ENGENHARIA TÉRMICA,30500001
SUB,30502012,TERMODINÂMICA,30500001
SUB,30502020,CONTROLE AMBIENTAL,30500001
SUB,30502039,APROVEITAMENTO DA ENERGIA,30500001
SUB,30503000,MECÂNICA DOS SÓLIDOS,30500001
SUB,30503019,"MECÂNICA DOS CORPOS SÓLIDOS, ELÁSTICOS E PLÁSTICOS",30500001
SUB,30503027,"DINÂMICA DOS CORPOS RÍGIDOS, ELÁSTICOS E PLÁSTICOS",30500001
SUB,30503035,ANÁLISE DE TENSÕES,30500001
SUB,30503043,TERMOELASTICIDADE,30500001
SUB,30504007,PROJETOS DE MÁQUINAS,30500001
SUB,30504015,TEORIA DOS MECANISMOS,30500001
SUB,30504023,ESTÁTICA E DINÂMICA APLICADA,30500001
SUB,30504031,ELEMENTOS DE MÁQUINAS,30500001
SUB,30504040,FUNDAMENTOS GERAIS DE PROJETOS DAS MÁQUINAS,30500001
SUB,30504058,"MÁQUINAS, MOTORES E EQUIPAMENTOS",30500001
SUB,30504066,MÉTODOS DE SÍNTESE E OTIMIZAÇÃO APLICADOS AO PROJ.  MECÂNICO,30500001
SUB,30504074,CONTROLE DE SISTEMAS MECÂNICOS,30500001
SUB,30504082,APROVEITAMENTO DE ENERGIA,30500001
SUB,30505003,PROCESSOS DE FABRICAÇÃO,30500001
SUB,30505011,MATRIZES E FERRAMENTAS,30500001
SUB,30505020,MÁQUINAS DE USINAGEM E CONFORMAÇÃO,30500001
SUB,30505038,CONTROLE NUMÉRICO,30500001
SUB,30505046,ROBOTIZAÇÃO,30500001
SUB,30505054,"PROCESSOS DE FABRICAÇÃO, SELEÇÃO ECONÔMICA",30500001
AREA,30800005,ENGENHARIA DE PRODUÇÃO,30000009
SUB,30801001,GERÊNCIA DE PRODUÇÃO,30800005
SUB,30801010,PLANEJAMENTO DE INSTALAÇOES INDUSTRIAIS,30800005
SUB,30801028,"PLANEJAMENTO, PROJETO E CONTROLE DE SIST. DE PRODUÇÃO",30800005
SUB,30801036,HIGIENE E SEGURANÇA DO TRABALHO,30800005
SUB,30801044,SUPRIMENTOS,30800005
SUB,30801052,GARANTIA DE CONTROLE DE QUALIDADE,30800005
SUB,30802008,PESQUISA OPERACIONAL,30800005
SUB,30802016,PROCESSOS ESTOCÁSTICOS E TEORIAS DAS FILAS,30800005
SUB,30802024,"PROGRAMAÇÃO LINEAR, NÃO-LINEAR, MISTA E DINÂMICA",30800005
SUB,30802032,SÉRIES TEMPORAIS,30800005
SUB,30802040,TEORIA DOS GRAFOS,30800005
SUB,30802059,TEORIA DOS JOGOS,30800005
SUB,30803004,ENGENHARIA DO PRODUTO,30800005
SUB,30803012,ERGONOMIA,30800005
SUB,30803020,METODOLOGIA DE PROJETO DO PRODUTO,30800005
SUB,30803039,PROCESSOS DE TRABALHO,30800005
SUB,30803047,GERÊNCIA DO PROJETO E DO PRODUTO,30800005
SUB,30803055,DESENVOLVIMENTO DE PRODUTO,30800005
SUB,30804000,ENGENHARIA ECONÔMICA,30800005
SUB,30804019,ESTUDO DE MERCADO,30800005
SUB,30804027,LOCALIZAÇÃO INDUSTRIAL,30800005
SUB,30804035,ANÁLISE DE CUSTOS,30800005
SUB,30804043,ECONOMIA DE TECNOLOGIA,30800005
SUB,30804051,VIDA ECONÔMICA DOS EQUIPAMENTOS,30800005
SUB,30804060,AVALIAÇÃO DE PROJETOS,30800005
AREA,31100007,ENGENHARIA NAVAL E OCEÂNICA,30000009
SUB,31101003,HIDRODINÂMICA DE NAVIOS E SISTEMAS OCEÂNICOS,31100007
SUB,31101011,RESISTÊNCIA HIDRODINÂMICA,31100007
SUB,31101020,PROPULSÃO DE NAVIOS,31100007
SUB,31102000,ESTRUTURAS NAVAIS E OCEÂNICAS,31100007
SUB,31102018,ANÁLISE TEÓRICA E EXPERIMENTAL DE ESTRUTURA,31100007
SUB,31102026,DINÂMICA ESTRUTURAL NAVAL E OCEÂNICA,31100007
SUB,31102034,SÍNTESE ESTRUTURAL NAVAL E OCEÂNICA,31100007
SUB,31103006,MÁQUINAS MARÍTIMAS,31100007
SUB,31103014,ANÁLISE DE SISTEMAS PROPULSORES,31100007
SUB,31103022,CONTROLE E AUTOMAÇÃO DE SISTEMAS PROPULSORES,31100007
SUB,31103030,EQUIPAMENTOS AUXILIARES DO SISTEMA PROPULSIVO,31100007
SUB,31103049,MOTOR DE PROPULSÃO,31100007
SUB,31104002,PROJETOS DE NAVIOS E DE SISTEMAS OCEÂNICOS,31100007
SUB,31104010,PROJETOS DE NAVIOS,31100007
SUB,31104029,PROJETOS DE SISTEMAS OCEÂNICOS FIXOS E SEMI-FIXOS,31100007
SUB,31104037,PROJETOS DE EMBARCAÇÕES NÃO-CONVENCIONAIS,31100007
SUB,31105009,TECNOLOGIA DE CONSTRUÇÃO NAVAL E DE SISTEMAS OCEÂNICOS,31100007
SUB,31105017,MÉTODOS DE FABRICAÇÃO DE NAVIOS E SISTEMAS OCEÂNICOS,31100007
SUB,31105025,SOLDAGEM DE ESTRUTURAS NAVAIS E OCEÂNICOS,31100007
SUB,31105033,CUSTOS DE CONSTRUÇÃO NAVAL,31100007
SUB,31105041,NORMATIZAÇÃO E CERTIFICAÇÃO DE QUALIDADE DE NAVIOS,31100007
AREA,31200001,ENGENHARIA AEROESPACIAL,30000009
SUB,31201008,AERODINÂMICA,31200001
SUB,31201016,AERODINÂMICA DE AERONAVES ESPACIAIS,31200001
SUB,31201024,AERODINÂMICA DOS PROCESSOS GEOFÍSICOS E INTERPLANETÁRIOS,31200001
SUB,31202004,DINÂMICA DE VÔO,31200001
SUB,31202012,TRAJETÓRIAS E ÓRBITAS,31200001
SUB,31202020,ESTABILIDADE E CONTROLE,31200001
SUB,31203000,ESTRUTURAS AEROESPACIAIS,31200001
SUB,31203019,AEROELASTICIDADE,31200001
SUB,31203027,FADIGA,31200001
SUB,31203035,PROJETOS DE ESTRUTURAS AEROESPACIAIS,31200001
SUB,31204007,MATERIAIS E PROCESSOS P/ENGENHARIA AERON. E AEROESPACIAL,31200001
SUB,31205003,PROPULSÃO AEROESPACIAL,31200001
SUB,31205011,COMBUSTÃO E ESCOAMENTO COM REAÇÕES QUÍMICAS,31200001
SUB,31205020,PROPULSÃO DE FOGUTES,31200001
SUB,31205038,MÁQUINAS DE FLUXO,31200001
SUB,31205046,MOTORES ALTERNATIVOS,31200001
SUB,31206000,SISTEMAS AEROESPACIAIS,31200001
SUB,31206018,AVIÕES,31200001
SUB,31206026,FOGUETES,31200001
SUB,31206034,HELICÓPTEROS,31200001
SUB,31206042,HOVERCRAFT,31200001
SUB,31206050,SATÉLITES E OUTROS DISPOSITIVOS AEROESPACIAIS,31200001
SUB,31206069,NORMATIZAÇÃO E CERT. DE QUAL. DE AERONAVES E COMPONENTES,31200001
SUB,31206077,MANUTENÇÃO DE SISTEMAS AEROESPACIAIS,31200001
AREA,30400007,ENGENHARIA ELÉTRICA,30000009
SUB,30401003,MATERIAIS ELÉTRICOS,30400007
SUB,30401011,MATERIAIS CONDUTORES,30400007
SUB,30401020,MATERIAIS E COMPONENTES SEMICONDUTORES,30400007
SUB,30401038,MATERIAIS E DISPOSITIVOS SUPERCONDUTORES,30400007
SUB,30401046,"MATERIAIS DIELÉTRICOS, PIESOELÉTRICOS E FERROELÉTRICOS",30400007
SUB,30401054,"MAT. E COMP. ELETROÓTICOS E MAGNET., MAT. FOTOELÉTRICOS",30400007
SUB,30401062,MATERIAIS E DISPOSITIVOS MAGNÉTICOS,30400007
SUB,30402000,"MEDIDAS ELÉTRICAS, MAGNÉTICAS E ELETRÔNICAS; INSTRUMENTAÇÃO",30400007
SUB,30402018,MEDIDAS ELÉTRICAS,30400007
SUB,30402026,MEDIDAS MAGNÉTICAS,30400007
SUB,30402034,INSTRUMENTAÇÃO ELETROMECÂNICA,30400007
SUB,30402042,INSTRUMENTAÇÃO ELETRÔNICA,30400007
SUB,30402050,SISTEMAS ELETRÔNICOS DE MEDIDAS E DE CONTROLE,30400007
SUB,30403006,"CIRCUITOS ELÉTRICOS, MAGNÉTICOS E ELETRÔNICOS",30400007
SUB,30403014,TEORIA GERAL DOS CIRCUITOS ELÉTRICOS,30400007
SUB,30403022,CIRCUITOS LINEARES E NÃO LINEARES,30400007
SUB,30403030,CIRCUITOS ELETRÔNICOS,30400007
SUB,30403049,"CIRCUITOS MAGNÉTICOS, MAGNÉTISMO, ELETROMAGNÉTISMO",30400007
SUB,30404002,SISTEMAS ELÉTRICOS DE POTÊNCIA,30400007
SUB,30404010,GERAÇÃO DE ENERGIA ELÉTRICA,30400007
SUB,30404029,"TRANSMISSÃO DA ENERGIA ELET., DISTRIB. DA ENERGIA ELÉTRICA",30400007
SUB,30404037,CONVERSÃO E RETIFICAÇÃO DA ENERGIA ELÉTRICA,30400007
SUB,30404045,"MEDIÇÃO, CONTROLE, CORREÇÃO E PROTEÇÃO DE SIST. ELET. E POT.",30400007
SUB,30404053,MÁQUINAS ELÉTRICAS E DISPOSITIVOS DE POTÊNCIA,30400007
SUB,30404061,INSTALAÇÕES ELÉTRICAS PREDIAIS E INDUSTRIAIS,30400007
SUB,30405009,"ELETRÔNICA INDUSTRIAL, SISTEMAS E CONTROLES ELETRÔNICOS",30400007
SUB,30405017,ELETRÔNICA INDUSTRIAL,30400007
SUB,30405025,AUTOMAÇÃO ELETRÔNICA DE PROCESSOS ELÉTRICOS E INDUSTRIAIS,30400007
SUB,30405033,"CONTROLE DE PROCESSOS ELETRÔNICOS, RETROALIMENTAÇÃO",30400007
SUB,30406005,TELECOMUNICAÇÕES,30400007
SUB,30406013,"TEORIA ELETROMAG., MICROONDAS, PROPAGAÇÃO DE ONDAS, ANTENAS",30400007
SUB,30406021,RADIONAVEGAÇÃO E RADIOASTRONOMIA,30400007
SUB,30406030,SISTEMAS DE TELECOMUNICAÇÕES,30400007
AREA,31300006,ENGENHARIA BIOMÉDICA,30000009
SUB,31301002,BIOENGENHARIA,31300006
SUB,31301010,PROCESSAMENTO DE SINAIS BIOLÓGICOS,31300006
SUB,31301029,MODELAGEM DE FENÔMENOS BIOLÓGICOS,31300006
SUB,31301037,MODELAGEM DE SISTEMAS BIOLÓGICOS,31300006
SUB,31302009,ENGENHARIA MÉDICA,31300006
SUB,31302017,BIOMATERIAIS E MATERIAIS BIOCOMPATÍVEIS,31300006
SUB,31302025,TRANSDUTORES PARA APLICAÇÕES BIOMÉDICAS,31300006
SUB,31302033,INSTRUMENTAÇÃO ODONTOLÓGICA E MÉDICO-HOSPITALAR,31300006
SUB,31302041,TECNOLOGIA DE PRÓTESES,31300006
MACRO,40000001,CIÊNCIAS DA SAÚDE,
AREA,40100006,MEDICINA,40000001
SUB,40101002,CLÍNICA MÉDICA,40100006
SUB,40101010,ANGIOLOGIA,40100006
SUB,40101029,DERMATOLOGIA,40100006
SUB,40101045,CANCEROLOGIA,40100006
SUB,40101061,ENDOCRINOLOGIA,40100006
SUB,40101100,CARDIOLOGIA,40100006
SUB,40101118,GASTROENTEROLOGIA,40100006
SUB,40101126,PNEUMOLOGIA,40100006
SUB,40101134,NEFROLOGIA,40100006
SUB,40101169,FISIATRIA,40100006
SUB,40107000,MEDICINA LEGAL E DEONTOLOGIA,40100006
SUB,40101037,ALERGOLOGIA E IMUNOLOGIA CLÍNICA,40100006
SUB,40101053,HEMATOLOGIA,40100006
SUB,40101070,NEUROLOGIA,40100006
SUB,40101088,PEDIATRIA,40100006
SUB,40101096,DOENÇAS INFECCIOSAS E PARASITÁRIAS,40100006
SUB,40101142,REUMATOLOGIA,40100006
SUB,40103005,SAÚDE MATERNO-INFANTIL,40100006
SUB,40104001,PSIQUIATRIA,40100006
SUB,40105008,ANATOMIA PATOLÓGICA E PATOLOGIA CLÍNICA,40100006
SUB,40106004,RADIOLOGIA MÉDICA,40100006
SUB,40101150,GINECOLOGIA E OBSTETRÍCIA,40100006
SUB,40101177,OFTALMOLOGIA,40100006
SUB,40101186,ORTOPEDIA,40100006
SUB,40102009,CIRURGIA,40100006
SUB,40102017,CIRURGIA PLÁSTICA E RESTAURADORA,40100006
SUB,40102025,CIRURGIA OTORRINOLARINGOLOGIA,40100006
SUB,40102033,CIRURGIA OFTALMOLÓGICA,40100006
SUB,40102041,CIRURGIA CARDIOVASCULAR,40100006
SUB,40102050,CIRURGIA TORÁXICA,40100006
SUB,40102068,CIRURGIA GASTROENTEROLOGICA,40100006
SUB,40102076,CIRURGIA PEDIÁTRICA,40100006
SUB,40102084,NEUROCIRURGIA,40100006
SUB,40102092,CIRURGIA UROLÓGICA,40100006
SUB,40102106,CIRURGIA PROCTOLÓGICA,40100006
SUB,40102114,CIRURGIA ORTOPÉDICA,40100006
SUB,40102122,CIRURGIA TRAUMATOLÓGICA,40100006
SUB,40102130,ANESTESIOLOGIA,40100006
SUB,40102149,CIRURGIA EXPERIMENTAL,40100006
AREA,40500004,NUTRIÇÃO,40000001
SUB,40501000,BIOQUÍMICA DA NUTRIÇÃO,40500004
SUB,40502007,DIETÉTICA,40500004
SUB,40503003,ANÁLISE NUTRICIONAL DE POPULAÇÃO,40500004
SUB,40504000,DESNUTRIÇÃO E DESENVOLVIMENTO FISIOLÓGICO,40500004
AREA,40200000,ODONTOLOGIA,40000001
SUB,40201007,CLÍNICA ODONTOLÓGICA,40200000
SUB,40202003,CIRURGIA BUCO-MAXILO-FACIAL,40200000
SUB,40203000,ORTODONTIA,40200000
SUB,40204006,ODONTOPEDIATRIA,40200000
SUB,40205002,PERIODONTIA,40200000
SUB,40206009,ENDODONTIA,40200000
SUB,40207005,RADIOLOGIA ODONTOLÓGICA,40200000
SUB,40208001,ODONTOLOGIA SOCIAL E PREVENTIVA,40200000
SUB,40209008,MATERIAIS ODONTOLÓGICOS,40200000
AREA,40300005,FARMÁCIA,40000001
SUB,40301001,FARMACOTECNIA,40300005
SUB,40302008,FARMACOGNOSIA,40300005
SUB,40303004,ANÁLISE TOXICOLÓGICA,40300005
SUB,40304000,ANÁLISE E CONTROLE DE MEDICAMENTOS,40300005
SUB,40305007,BROMATOLOGIA,40300005
AREA,40400000,ENFERMAGEM,40000001
SUB,40401006,ENFERMAGEM MÉDICO-CIRÚRGICA,40400000
SUB,40402002,ENFERMAGEM OBSTÉTRICA,40400000
SUB,40403009,ENFERMAGEM PEDIÁTRICA,40400000
SUB,40404005,ENFERMAGEM PSIQUIÁTRICA,40400000
SUB,40405001,ENFERMAGEM DE DOENÇAS CONTAGIOSAS,40400000
SUB,40406008,ENFERMAGEM DE SAÚDE PÚBLICA,40400000
AREA,40600009,SAÚDE COLETIVA,40000001
SUB,40601005,EPIDEMIOLOGIA,40600009
SUB,40602001,SAÚDE PÚBLICA,40600009
SUB,40603008,MEDICINA PREVENTIVA,40600009
AREA,40900002,EDUCAÇÃO FÍSICA,40000001
AREA,40700003,FONOAUDIOLOGIA,40000001
AREA,40800008,FISIOTERAPIA E TERAPIA OCUPACIONAL,40000001
MACRO,50000004,CIÊNCIAS AGRÁRIAS,
AREA,50100009,AGRONOMIA,50000004
SUB,50101005,CIÊNCIA DO SOLO,50100009
SUB,50101013,"GÊNESE, MORFOLOGIA E CLASSIFICAÇÃO DOS SOLOS",50100009
SUB,50101021,FÍSICA DO SOLO,50100009
SUB,50101030,QUÍMICA DO SOLO,50100009
SUB,50101048,MICROBIOLOGIA E BIOQUÍMICA DO SOLO,50100009
SUB,50101056,FERTILIDADE DO SOLO E ADUBAÇÃO,50100009
SUB,50101064,MANEJO E CONSERVAÇÃO DO SOLO,50100009
SUB,50102001,FITOSSANIDADE,50100009
SUB,50102010,FITOPATOLOGIA,50100009
SUB,50102028,ENTOMOLOGIA AGRÍCOLA,50100009
SUB,50102036,PARASITOLOGIA AGRÍCOLA,50100009
SUB,50102044,MICROBIOLOGIA AGRÍCOLA,50100009
SUB,50102052,DEFESA FITOSSANITÁRIA,50100009
SUB,50103008,FITOTECNIA,50100009
SUB,50103016,MANEJO E TRATOS CULTURAIS,50100009
SUB,50103024,MECANIZAÇÃO AGRÍCOLA,50100009
SUB,50103032,PRODUÇÃO E BENEFICIAMENTO DE SEMENTES,50100009
SUB,50103040,PRODUÇÃO DE MUDAS,50100009
SUB,50103059,MELHORAMENTO VEGETAL,50100009
SUB,50103067,FISIOLOGIA DE PLANTAS CULTIVADAS,50100009
SUB,50103075,MATOLOGIA,50100009
SUB,50104004,"FLORICULTURA, PARQUES E JARDINS",50100009
SUB,50104012,FLORICULTURA,50100009
SUB,50104020,PARQUES E JARDINS,50100009
SUB,50104039,ARBORIZAÇÃO DE VIAS PÚBLICAS,50100009
SUB,50105000,AGROMETEROLOGIA,50100009
SUB,50106007,EXTENSÃO RURAL,50100009
AREA,50200003,RECURSOS FLORESTAIS E ENGENHARIA FLORESTAL,50000004
SUB,50201000,SILVICULTURA,50200003
SUB,50201018,DENDROLOGIA,50200003
SUB,50201026,FLORESTAMENTO E REFLORESTAMENTO,50200003
SUB,50201034,GENÉTICA E MELHORAMENTO FLORESTAL,50200003
SUB,50201042,SEMENTES FLORESTAIS,50200003
SUB,50201050,NUTRIÇÃO FLORESTAL,50200003
SUB,50201069,FISIOLOGIA FLORESTAL,50200003
SUB,50201077,SOLOS FLORESTAIS,50200003
SUB,50201085,PROTEÇÃO FLORESTAL,50200003
SUB,50202006,MANEJO FLORESTAL,50200003
SUB,50202014,ECONOMIA FLORESTAL,50200003
SUB,50202022,POLÍTICA E LEGISLAÇÃO FLORESTAL,50200003
SUB,50202030,ADMINISTRAÇÃO FLORESTAL,50200003
SUB,50202049,DENDROMETRIA E INVENTÁRIO FLORESTAL,50200003
SUB,50202057,FOTOINTERPRETAÇÃO FLORESTAL,50200003
SUB,50202065,ORDENAMENTO FLORESTAL,50200003
SUB,50203002,TÉCNICAS E OPERAÇÕES FLORESTAIS,50200003
SUB,50203010,EXPLORAÇÃO FLORESTAL,50200003
SUB,50203029,MECANIZAÇÃO FLORESTAL,50200003
SUB,50204009,TECNOLOGIA E UTILIZAÇÃO DE PRODUTOS FLORESTAIS,50200003
SUB,50204017,ANATOMIA E IDENTIFICAÇÃO DE PRODUTOS FLORESTAIS,50200003
SUB,50204025,PROPRIEDADES FISICO-MECÂNICAS DA MADEIRA,50200003
SUB,50204033,RELAÇÕES ÁGUA-MADEIRA E SECAGEM,50200003
SUB,50204041,TRATAMENTO DA MADEIRA,50200003
SUB,50204050,PROCESSAMENTO MECÂNICO DA MADEIRA,50200003
SUB,50204068,QUÍMICA DA MADEIRA,50200003
SUB,50204076,RESINAS DE MADEIRAS,50200003
SUB,50204084,TECNOLOGIA DE CELULOSE E PAPEL,50200003
SUB,50204092,TECNOLOGIA DE CHAPAS,50200003
SUB,50205005,CONSERVAÇÃO DA NATUREZA,50200003
SUB,50205013,HIDROLOGIA FLORESTAL,50200003
SUB,50205021,CONSERVAÇÃO DE ÁREAS SILVESTRES,50200003
SUB,50205030,CONSERVAÇÃO DAS BACIAS HIDROGRÁFICAS,50200003
SUB,50205048,RECUPERAÇÃO DE ÁREAS DEGRADADAS,50200003
SUB,50206001,ENERGIA DE BIOMASSA FLORESTAL,50200003
AREA,50300008,ENGENHARIA AGRÍCOLA,50000004
SUB,50301004,MÁQUINAS E IMPLEMENTOS AGRÍCOLAS,50300008
SUB,50302000,ENGENHARIA DE ÁGUA E SOLO,50300008
SUB,50302019,IRRIGAÇÃO E DRENAGEM,50300008
SUB,50302027,CONSERVAÇÃO DE SOLO E ÁGUA,50300008
SUB,50303007,ENGENHARIA DE PROCESSAMENTO DE PRODUTOS AGRÍCOLAS,50300008
SUB,50303015,PRÉ-PROCESSAMENTO DE PRODUTOS AGRÍCOLAS,50300008
SUB,50303023,ARMAZENAMENTO DE PRODUTOS AGRÍCOLAS,50300008
SUB,50303031,TRANSFERÊNCIA DE PRODUTOS AGRÍCOLAS,50300008
SUB,50304003,CONSTRUÇÕES RURAIS E AMBIÊNCIA,50300008
SUB,50304011,ASSENTAMENTO RURAL,50300008
SUB,50304020,ENGENHARIA DE CONSTRUÇÕES RURAIS,50300008
SUB,50304038,SANEAMENTO RURAL,50300008
SUB,50305000,ENERGIZAÇÃO RURAL,50300008
AREA,50400002,ZOOTECNIA,50000004
SUB,50401009,ECOLOGIA DOS ANIMAIS DOMÉSTICOS E ETOLOGIA,50400002
SUB,50402005,GENÉTICA E MELHORAMENTO DOS ANIMAIS DOMÉSTICOS,50400002
SUB,50403001,NUTRIÇÃO E ALIMENTAÇÃO ANIMAL,50400002
SUB,50403010,EXIGÊNCIAS NUTRICIONAIS DOS ANIMAIS,50400002
SUB,50403028,AVALIAÇÃO DE ALIMENTOS PARA ANIMAIS,50400002
SUB,50403036,CONSERVAÇÃO DE ALIMENTOS PARA ANIMAIS,50400002
SUB,50404008,PASTAGEM E FORRAGICULTURA,50400002
SUB,50404016,"AVALIAÇÃO, PRODUÇÃO E CONSERVAÇÃO DE FORRAGENS",50400002
SUB,50404024,MANEJO E CONSERVAÇÃO DE PASTAGENS,50400002
SUB,50404032,FISIOLOGIA DE PLANTAS FORRAGEIRAS,50400002
SUB,50404040,MELHORAMENTO DE PLANTAS FORRAGEIRAS E PRODUÇÃO DE SEMENTES,50400002
SUB,50404059,TOXICOLOGIA E PLANTAS TÓXICAS,50400002
SUB,50405004,PRODUÇÃO ANIMAL,50400002
SUB,50405012,CRIAÇÃO DE ANIMAIS,50400002
SUB,50405020,MANEJO DE ANIMAIS,50400002
SUB,50405039,INSTALAÇÕES PARA PRODUÇÃO ANIMAL,50400002
AREA,50600001,RECURSOS PESQUEIROS E ENGENHARIA DE PESCA,50000004
SUB,50601008,RECURSOS PESQUEIROS MARINHOS,50600001
SUB,50601016,FATORES ABIÓTICOS DO MAR,50600001
SUB,50601024,AVALIAÇÃO DE ESTOQUE PESQUEIROS MARINHOS,50600001
SUB,50601032,EXPLORAÇÃO PESQUEIRA MARINHA,50600001
SUB,50601040,MANEJO E CONSERVAÇÃO DE RECURSOS PESQUEIROS MARINHOS,50600001
SUB,50602004,RECURSOS PESQUEIROS DE ÁGUAS INTERIORES,50600001
SUB,50602012,FATORES ABIÓTICOS DE ÁGUAS INTERIORES,50600001
SUB,50602020,AVALIAÇÃO DE ESTOQUES PESQUEIROS DE ÁGUAS INTERIORES,50600001
SUB,50602039,EXPLORAÇÃO PESQUEIRA DE ÁGUAS INTERIORES,50600001
SUB,50602047,MANEJO E CONSERV. DE RECURSOS PESQUEIROS DE ÁGUAS INFERIORES,50600001
SUB,50603000,AQUICULTURA,50600001
SUB,50603019,MARICULTURA,50600001
SUB,50603027,CARCINOCULTURA,50600001
SUB,50603035,OSTREICULTURA,50600001
SUB,50603043,PISCICULTURA,50600001
SUB,50604007,ENGENHARIA DE PESCA,50600001
AREA,50500007,MEDICINA VETERINÁRIA,50000004
SUB,50501003,CLÍNICA E CIRÚRGIA ANIMAL,50500007
SUB,50501011,ANESTESIOLOGIA ANIMAL,50500007
SUB,50501020,TÉCNICA CIRÚRGICA ANIMAL,50500007
SUB,50501038,RADIOLOGIA DE ANIMAIS,50500007
SUB,50501046,FARMACOLOGIA E TERAPÉUTICA ANIMAL,50500007
SUB,50501054,OBSTETRÍCIA ANIMAL,50500007
SUB,50501062,CLÍNICA VETERINÁRIA,50500007
SUB,50501070,CLÍNICA CIRÚRGICA ANIMAL,50500007
SUB,50501089,TOXICOLOGIA ANIMAL,50500007
SUB,50502000,MEDICINA VETERINÁRIA PREVENTIVA,50500007
SUB,50502018,EPIDEMIOLOGIA ANIMAL,50500007
SUB,50502026,SANEAMENTO APLICADO À SAÚDE DO HOMEM,50500007
SUB,50502034,DOENÇAS INFECCIOSAS DE ANIMAIS,50500007
SUB,50502042,DOENÇAS PARASITÁRIAS DE ANIMAIS,50500007
SUB,50502050,SAÚDE ANIMAL (PROGRAMAS SANITÁRIOS),50500007
SUB,50503006,PATOLOGIA ANIMAL,50500007
SUB,50503014,PATOLOGIA AVIÁRIA,50500007
SUB,50503022,ANATOMIA PATOLÓGICA ANIMAL,50500007
SUB,50503030,PATOLOGIA CLÍNICA ANIMAL,50500007
SUB,50504002,REPRODUÇÃO ANIMAL,50500007
SUB,50504010,GINECOLOGIA E ANDROLOGIA ANIMAL,50500007
SUB,50504029,INSEMINAÇÃO ARTIFICIAL ANIMAL,50500007
SUB,50504037,FISIOPATOLOGIA DA REPRODUÇÃO ANIMAL,50500007
SUB,50505009,INSPEÇÃO DE PRODUTOS DE ORIGEM ANIMAL,50500007
AREA,50700006,CIÊNCIA E TECNOLOGIA DE ALIMENTOS,50000004
SUB,50701002,CIÊNCIA DE ALIMENTOS,50700006
SUB,50701010,VALOR NUTRITIVO DE ALIMENTOS,50700006
SUB,50701029,"QUÍMICA, FÍSICA, FÍSICO-QUÍM. BIOQ. DOS ALI. MAT. PRIMAS ALI",50700006
SUB,50701037,MICROBIOLOGIA DE ALIMENTOS,50700006
SUB,50701045,FISIOLOGIA PÓS-COLHEITA,50700006
SUB,50701053,TOXICIDADE E RESÍDUOS DE PESTICIDAS EM ALIMENTOS,50700006
SUB,50701061,AVALIAÇÃO E CONTROLE DE QUALIDADE DE ALIMENTOS,50700006
SUB,50701070,"PADRÕES, LEGISLAÇÃO E FISCALIZAÇÃO DE ALIMENTOS",50700006
SUB,50702009,TECNOLOGIA DE ALIMENTOS,50700006
SUB,50702017,TECNOLOGIA DE PRODUTOS DE ORIGEM ANIMAL,50700006
SUB,50702025,TECNOLOGIA DE PRODUTOS DE ORIGEM VEGETAL,50700006
SUB,50702033,TECNOLOGIA DAS BEBIDAS,50700006
SUB,50702041,TECNOLOGIA DE ALIMENTOS DIETÉTICOS E NUTRICIONAIS,50700006
SUB,50702050,APROVEITAMENTO DE SUBPRODUTOS,50700006
SUB,50702068,EMBALAGENS DE PRODUTOS ALIMENTARES,50700006
SUB,50703005,ENGENHARIA DE ALIMENTOS,50700006
SUB,50703013,INSTALAÇÕES INDUSTRIAIS DE PRODUÇÃO DE ALIMENTOS,50700006
SUB,50703021,ARMAZENAMENTO DE ALIMENTOS,50700006
MACRO,60000007,CIÊNCIAS SOCIAIS APLICADAS,
AREA,60100001,DIREITO,60000007
SUB,60101008,TEORIA DO DIREITO,60100001
SUB,60101016,TEORIA GERAL DO DIREITO,60100001
SUB,60101024,TEORIA GERAL DO PROCESSO,60100001
SUB,60101032,TEORIA DO ESTADO,60100001
SUB,60101040,HISTÓRIA DO DIREITO,60100001
SUB,60101059,FILOSOFIA DO DIREITO,60100001
SUB,60101067,LÓGICA JURÍDICA,60100001
SUB,60101075,SOCIOLOGIA JURÍDICA,60100001
SUB,60101083,ANTROPOLOGIA JURÍDICA,60100001
SUB,60102004,DIREITO PÚBLICO,60100001
SUB,60102012,DIREITO TRIBUTÁRIO,60100001
SUB,60102020,DIREITO PENAL,60100001
SUB,60102039,DIREITO PROCESSUAL PENAL,60100001
SUB,60102047,DIREITO PROCESSUAL CIVIL,60100001
SUB,60102055,DIREITO CONSTITUCIONAL,60100001
SUB,60102063,DIREITO ADMINISTRATIVO,60100001
SUB,60102071,DIREITO INTERNACIONAL PÚBLICO,60100001
SUB,60103000,DIREITO PRIVADO,60100001
SUB,60103019,DIREITO CIVIL,60100001
SUB,60103027,DIREITO COMERCIAL,60100001
SUB,60103035,DIREITO DO TRABALHO,60100001
SUB,60103043,DIREITO INTERNACIONAL PRIVADO,60100001
SUB,60104007,DIREITOS ESPECIAIS,60100001
AREA,60200006,ADMINISTRAÇÃO,60000007
SUB,60201002,ADMINISTRAÇÃO DE EMPRESAS,60200006
SUB,60201010,ADMINISTRAÇÃO DE PRODUÇÃO,60200006
SUB,60201029,ADMINISTRAÇÃO FINANCEIRA,60200006
SUB,60201037,MERCADOLOGIA,60200006
SUB,60201045,NEGÓCIOS INTERNACIONAIS,60200006
SUB,60201053,ADMINISTRAÇÃO DE RECURSOS HUMANOS,60200006
SUB,60202009,ADMINISTRAÇÃO PÚBLICA,60200006
SUB,60202017,CONTABILIDADE E FINANÇAS PÚBLICAS,60200006
SUB,60202025,ORGANIZAÇÕES PÚBLICAS,60200006
SUB,60202033,POLÍTICA E PLANEJAMENTO GOVERNAMENTAIS,60200006
SUB,60202041,ADMINISTRAÇÃO DE PESSOAL,60200006
SUB,60203005,ADMINISTRAÇÃO DE SETORES ESPECÍFICOS,60200006
SUB,60204001,CIÊNCIAS CONTÁBEIS,60200006
AREA,61300004,TURISMO,60000007
AREA,60300000,ECONOMIA,60000007
SUB,60301007,TEORIA ECONÔMICA,60300000
SUB,60301015,ECONOMIA GERAL,60300000
SUB,60301023,TEORIA GERAL DA ECONOMIA,60300000
SUB,60301031,HISTÓRIA DO PENSAMENTO ECONÔMICO,60300000
SUB,60301040,HISTÓRIA ECONÔMICA,60300000
SUB,60301058,SISTEMAS ECONÔMICOS,60300000
SUB,60302003,MÉTODOS QUANTITATIVOS EM ECONOMIA,60300000
SUB,60302011,"MÉTODOS E MODELOS MATEMÁT., ECONOMÉTRICOS E ESTATÍSTICOS",60300000
SUB,60302020,ESTATÍSTICA SÓCIO-ECONÔMICA,60300000
SUB,60302038,CONTABILIDADE NACIONAL,60300000
SUB,60302046,ECONOMIA MATEMÁTICA,60300000
SUB,60303000,ECONOMIA MONETÁRIA E FISCAL,60300000
SUB,60303018,TEORIA MONETÁRIA E FINANCEIRA,60300000
SUB,60303026,INSTITUIÇÕES MONETÁRIAS E FINANCEIRAS DO BRASIL,60300000
SUB,60303034,FINANÇAS PÚBLICAS INTERNAS,60300000
SUB,60303042,POLÍTICA FISCAL DO BRASIL,60300000
SUB,60304006,"CRESCIMENTO, FLUTUAÇÕES E PLANEJAMENTO ECONÔMICO",60300000
SUB,60304014,CRESCIMENTO E DESENVOLVIMENTO ECONÔMICO,60300000
SUB,60304022,TEORIA E POLÍTICA DE PLANEJAMENTO ECONÔMICO,60300000
SUB,60304030,FLUTAÇÕES CICLÍCAS E PROJEÇÕES ECONÔMICAS,60300000
SUB,60304049,INFLAÇÃO,60300000
SUB,60305002,ECONOMIA INTERNACIONAL,60300000
SUB,60305010,TEORIA DO COMÉRCIO INTERNACIONAL,60300000
SUB,60305029,RELAÇÕES DO COMÉRCIO; POLÍT. COMERCIAL; INTEGRAÇÃO ECONÔMICA,60300000
SUB,60305037,BALANÇO DE PAGAMENTO; FINANÇAS INTERNACIONAIS,60300000
SUB,60305045,INVESTIMENTOS INTERNACIONAIS E AJUDA EXTERNA,60300000
SUB,60306009,ECONOMIA DOS RECURSOS HUMANOS,60300000
SUB,60306017,TREIN. E ALOCAÇÃO DE MÃO-DE-OBRA;OFERTA MÃO-DE-OBRA F. TRAB.,60300000
SUB,60306025,MERCADO DE TRABALHO; POLÍTICA DO GOVERNO,60300000
SUB,60306033,"SINDICATOS, DISSÍDIOS COLET., RELAÇÕES DE EMPREGO(EMP./EMP)",60300000
SUB,60306041,CAPITAL HUMANO,60300000
SUB,60306050,DEMOGRAFIA ECONÔMICA,60300000
SUB,60307005,ECONOMIA INDUSTRIAL,60300000
SUB,60307013,ORGANIZAÇÃO INDUSTRIAL E ESTUDOS INDUSTRIAIS,60300000
SUB,60307021,MUDANÇA TECNOLÓGICA,60300000
SUB,60308001,ECONOMIA DO BEM-ESTAR SOCIAL,60300000
SUB,60308010,ECONOMIA DOS PROGRAMAS DE BEM-ESTAR SOCIAL,60300000
SUB,60308028,ECONOMIA DO CONSUMIDOR,60300000
SUB,60309008,ECONOMIA REGIONAL E URBANA,60300000
SUB,60309016,ECONOMIA REGIONAL,60300000
SUB,60309024,ECONOMIA URBANA,60300000
SUB,60309032,RENDA E TRIBUTAÇÃO,60300000
SUB,60310006,ECONOMIAS AGRÁRIA E DOS RECURSOS NATURAIS,60300000
SUB,60310014,ECONOMIA AGRÁRIA,60300000
SUB,60310022,ECONOMIA DOS RECURSOS NATURAIS,60300000
AREA,60400005,ARQUITETURA E URBANISMO,60000007
SUB,60401001,FUNDAMENTOS DE ARQUITETURA E URBANISMO,60400005
SUB,60401010,HISTÓRIA DA ARQUITETURA E URBANISMO,60400005
SUB,60401028,TEORIA DA ARQUITETURA,60400005
SUB,60401036,HISTÓRIA DO URBANISMO,60400005
SUB,60401044,TEORIA DO URBANISMO,60400005
SUB,60402008,PROJETO DE ARQUITETURA E URBANISMO,60400005
SUB,60402016,PLANEJAMENTO E PROJETOS DA EDIFICAÇÃO,60400005
SUB,60402024,PLANEJAMENTO E PROJETO DO ESPAÇO URBANO,60400005
SUB,60402032,PLANEJAMENTO E PROJETO DO EQUIPAMENTO,60400005
SUB,60403004,TECNOLOGIA DE ARQUITETURA E URBANISMO,60400005
SUB,60403012,ADEQUAÇÃO AMBIENTAL,60400005
SUB,60404000,PAISAGISMO,60400005
SUB,60404019,DESENVOLVIMENTO HISTÓRICO DO PAISAGISMO,60400005
SUB,60404027,CONCEITUAÇÃO DE PAISAGISMO E METODOLOGIA DO PAISAGISMO,60400005
SUB,60404035,ESTUDOS DE ORGANIZAÇÃO DO ESPAÇO EXTERIOR,60400005
SUB,60404043,PROJETOS DE ESPAÇOS LIVRES URBANOS,60400005
AREA,61200000,DESENHO INDUSTRIAL,60000007
AREA,60500000,PLANEJAMENTO URBANO E REGIONAL,60000007
SUB,60501006,FUNDAMENTOS DO PLANEJAMENTO URBANO E REGIONAL,60500000
SUB,60501014,TEORIA DO PLANEJAMENTO URBANO E REGIONAL,60500000
SUB,60501022,TEORIA DA URBANIZAÇÃO,60500000
SUB,60501030,POLÍTICA URBANA,60500000
SUB,60501049,HISTÓRIA URBANA,60500000
SUB,60502002,MÉTODOS E TÉCNICAS DO PLANEJAMENTO URBANO E REGIONAL,60500000
SUB,60502010,"INFORMAÇÃO, CADASTRO E MAPEAMENTO",60500000
SUB,60502029,TÉCNICA DE PREVISÃO URBANA E REGIONAL,60500000
SUB,60502037,TÉCNICAS DE ANÁLISE E AVALIAÇÃO URBANA E REGIONAL,60500000
SUB,60502045,TÉCNICAS DE PLANEJAMENTO E PROJETO URBANOS E REGIONAIS,60500000
SUB,60503009,SERVIÇOS URBANOS E REGIONAIS,60500000
SUB,60503017,ADMINISTRAÇÃO MUNICIPAL E URBANA,60500000
SUB,60503025,ESTUDOS DA HABITAÇÃO,60500000
SUB,60503033,ASPECTOS SOCIAIS DO PLANEJAMENTO URBANO E REGIONAL,60500000
SUB,60503041,ASPECTOS ECONÔMICOS DO PLANEJAMENTO URBANO E REGIONAL,60500000
SUB,60503050,ASPECTOS FÍSICO-AMBIENTAIS DO PLANEJ. URBANO E REGIONAL,60500000
SUB,60503068,SERVIÇOS COMUNITÁRIOS,60500000
SUB,60503076,INFRA-ESTRUTURAS URBANAS E REGIONAIS,60500000
SUB,60503084,TRANSPORTE E TRÁFEGO URBANO E REGIONAL,60500000
SUB,60503092,LEGISLAÇÃO URBANA E REGIONAL,60500000
AREA,60600004,DEMOGRAFIA,60000007
SUB,60601000,DISTRIBUIÇÃO ESPACIAL,60600004
SUB,60601019,DISTRIBUIÇÃO ESPACIAL GERAL,60600004
SUB,60601027,DISTRIBUIÇÃO ESPACIAL URBANA,60600004
SUB,60601035,DISTRIBUIÇÃO ESPACIAL RURAL,60600004
SUB,60602007,TENDÊNCIA POPULACIONAL,60600004
SUB,60602015,TENDÊNCIAS PASSADAS,60600004
SUB,60602023,TAXAS E ESTIMATIVAS CORRENTES,60600004
SUB,60602031,PROJEÇÕES,60600004
SUB,60603003,COMPONENTES DA DINÂMICA DEMOGRÁFICA,60600004
SUB,60603011,FECUNDIDADE,60600004
SUB,60603020,MORTALIDADE,60600004
SUB,60603038,MIGRAÇÃO,60600004
SUB,60604000,NUPCIALIDADE E FAMÍLIA,60600004
SUB,60604018,CASAMENTO E DIVÓRCIO,60600004
SUB,60604026,FAMÍLIA E REPRODUÇÃO,60600004
SUB,60605006,DEMOGRAFIA HISTÓRICA,60600004
SUB,60605014,DISTRIBUIÇÃO ESPACIAL,60600004
SUB,60605022,"NATALIDADE, MORTALIDADE, MIGRAÇÃO",60600004
SUB,60605049,MÉTODOS E TÉCNICAS DE DEMOGRAFIA HISTÓRICA,60600004
SUB,60606002,POLÍTICA PÚBLICA E POPULAÇÃO,60600004
SUB,60606010,POLÍTICA POPULACIONAL,60600004
SUB,60606029,POLÍTICAS DE REDISTRIBUIÇÃO DE POPULAÇÃO,60600004
SUB,60606037,POLÍTICAS DE PLANEJAMENTO FAMILIAR,60600004
SUB,60607009,FONTES DE DADOS DEMOGRÁFICOS,60600004
AREA,60700009,CIÊNCIA DA INFORMAÇÃO,60000007
SUB,60701005,TEORIA DA INFORMAÇÃO,60700009
SUB,60701013,TEORIA GERAL DA INFORMAÇÃO,60700009
SUB,60701021,PROCESSOS DA COMUNICAÇÃO,60700009
SUB,60701030,REPRESENTAÇÃO DA INFORMAÇÃO,60700009
SUB,60702001,BIBLIOTECONOMIA,60700009
SUB,60702010,TEORIA DA CLASSIFICAÇÃO,60700009
SUB,60702028,"MÉTODOS QUANTITATIVOS, BIBLIOMETRIA",60700009
SUB,60702036,TÉCNICAS DE RECUPERAÇÃO DE INFORMAÇÃO,60700009
SUB,60702044,PROCESSOS DE DISSEMINAÇÃO DA INFORMAÇÃO,60700009
SUB,60703008,ARQUIVOLOGIA,60700009
SUB,60703016,ORGANIZAÇÃO DE ARQUIVOS,60700009
AREA,60800003,MUSEOLOGIA,60000007
AREA,60900008,COMUNICAÇÃO,60000007
SUB,60901004,TEORIA DA COMUNICAÇÃO,60900008
SUB,60902000,JORNALISMO E EDITORAÇÃO,60900008
SUB,60902019,TEORIA E ÉTICA DO JORNALISMO,60900008
SUB,60902027,ORGANIZAÇÃO EDITORIAL DE JORNAIS,60900008
SUB,60902035,ORGANIZAÇÃO COMERCIAL DE JORNAIS,60900008
SUB,60902043,"JORNALISMO ESPECIALIZADO (COMUNITÁRIO, RURAL, EMP. CIENTIF.)",60900008
SUB,60903007,RÁDIO E TELEVISÃO,60900008
SUB,60903015,RADIODIFUSÃO,60900008
SUB,60903023,VIDEODIFUSÃO,60900008
SUB,60904003,RELAÇÕES PÚBLICAS E PROPAGANDA,60900008
SUB,60905000,COMUNICAÇÃO VISUAL,60900008
SUB,61201006,PROGRAMAÇÃO VISUAL,60900008
SUB,61202002,DESENHO DE PRODUTO,60900008
AREA,61000000,SERVIÇO SOCIAL,60000007
SUB,61000000,SERVIÇO SOCIAL,61000000
SUB,61001007,FUNDAMENTOS DO SERVIÇO SOCIAL,61000000
SUB,61002003,SERVIÇO SOCIAL APLICADO,61000000
SUB,61002011,SERVIÇO SOCIAL DO TRABALHO,61000000
SUB,61002020,SERVIÇO SOCIAL DA EDUCAÇÃO,61000000
SUB,61002038,SERVIÇO SOCIAL DO MENOR,61000000
SUB,61002046,SERVIÇO SOCIAL DA SAÚDE,61000000
SUB,61002054,SERVIÇO SOCIAL DA HABITAÇÃO,61000000
SUB,61100005,ECONOMIA DOMÉSTICA,61000000
MACRO,70000000,CIÊNCIAS HUMANAS,
AREA,70100004,FILOSOFIA,70000000
SUB,70101000,HISTÓRIA DA FILOSOFIA,70100004
SUB,70102007,METAFÍSICA,70100004
SUB,70103003,LÓGICA,70100004
SUB,70104000,ÉTICA,70100004
SUB,70105006,EPISTEMOLOGIA,70100004
SUB,70106002,FILOSOFIA BRASILEIRA,70100004
AREA,71000003,TEOLOGIA,70000000
SUB,71001000,HISTÓRIA DA TEOLOGIA,71000003
SUB,71002006,TEOLOGIA MORAL,71000003
SUB,71003002,TEOLOGIA SISTEMÁTICA,71000003
SUB,71004009,TEOLOGIA PASTORAL,71000003
AREA,70200009,SOCIOLOGIA,70000000
SUB,70201005,FUNDAMENTOS DA SOCIOLOGIA,70200009
SUB,70201013,TEORIA SOCIOLÓGICA,70200009
SUB,70201021,HISTÓRIA DA SOCIOLOGIA,70200009
SUB,70202001,SOCIOLOGIA DO CONHECIMENTO,70200009
SUB,70203008,SOCIOLOGIA DO DESENVOLVIMENTO,70200009
SUB,70204004,SOCIOLOGIA URBANA,70200009
SUB,70205000,SOCIOLOGIA RURAL,70200009
SUB,70206007,SOCIOLOGIA DA SAÚDE,70200009
SUB,70207003,OUTRAS SOCIOLOGIAS ESPECÍFICAS,70200009
AREA,70300003,ANTROPOLOGIA,70000000
SUB,70301000,TEORIA ANTROPOLÓGICA,70300003
SUB,70302006,ETNOLOGIA INDÍGENA,70300003
SUB,70303002,ANTROPOLOGIA URBANA,70300003
SUB,70304009,ANTROPOLOGIA RURAL,70300003
SUB,70305005,ANTROPOLOGIA DAS POPULAÇÕES AFRO-BRASILEIRAS,70300003
AREA,70400008,ARQUEOLOGIA,70000000
SUB,70401004,TEORIA E MÉTODO EM ARQUEOLOGIA,70400008
SUB,70402000,ARQUEOLOGIA PRÉ-HISTÓRICA,70400008
SUB,70403007,ARQUEOLOGIA HISTÓRICA,70400008
AREA,70500002,HISTÓRIA,70000000
SUB,70501009,TEORIA E FILOSOFIA DA HISTÓRIA,70500002
SUB,70502005,HISTÓRIA ANTIGA E MEDIEVAL,70500002
SUB,70503001,HISTÓRIA MODERNA E CONTEMPORÂNEA,70500002
SUB,70504008,HISTÓRIA DA AMÉRICA,70500002
SUB,70504016,HISTÓRIA DOS ESTADOS UNIDOS,70500002
SUB,70504024,HISTÓRIA LATINO-AMERICANA,70500002
SUB,70505004,HISTÓRIA DO BRASIL,70500002
SUB,70505012,HISTÓRIA DO BRASIL COLÔNIA,70500002
SUB,70505020,HISTÓRIA DO BRASIL IMPÉRIO,70500002
SUB,70505039,HISTÓRIA DO BRASIL REPÚBLICA,70500002
SUB,70505047,HISTÓRIA REGIONAL DO BRASIL,70500002
SUB,70506000,HISTÓRIA DAS CIÊNCIAS,70500002
AREA,70600007,GEOGRAFIA,70000000
SUB,70601003,GEOGRAFIA HUMANA,70600007
SUB,70601011,GEOGRAFIA DA POPULAÇÃO,70600007
SUB,70601020,GEOGRAFIA AGRÁRIA,70600007
SUB,70601038,GEOGRAFIA URBANA,70600007
SUB,70601046,GEOGRAFIA ECONÔMICA,70600007
SUB,70601054,GEOGRAFIA POLÍTICA,70600007
SUB,70602000,GEOGRAFIA REGIONAL,70600007
SUB,70602018,TEORIA DO DESENVOLVIMENTO REGIONAL,70600007
SUB,70602026,REGIONALIZAÇÃO,70600007
SUB,70602034,ANÁLISE REGIONAL,70600007
AREA,70700001,PSICOLOGIA,70000000
SUB,70701008,FUNDAMENTOS E MEDIDAS DA PSICOLOGIA,70700001
SUB,70701016,"HISTÓRIA, TEORIAS E SISTEMAS EM PSICOLOGIA",70700001
SUB,70701024,"METODOLOGIA, INSTRUMENTAÇÃO E EQUIPAMENTO EM PSICOLOGIA",70700001
SUB,70701032,"CONSTRUÇÃO E VALIDADE DE TESTES, ESC. E O. MEDIDAS PSICOLÓG.",70700001
SUB,70701040,"TÉCN. DE PROCES. ESTÁT., MATEMÁTICO E COMPUT. EM PSICOLOGIA",70700001
SUB,70702004,PSICOLOGIA EXPERIMENTAL,70700001
SUB,70702012,PROCESSOS PERCEPTUAIS E MOTORES,70700001
SUB,70702020,"PROCESSOS DE APRENDIZAGEM, MEMÓRIA E MOTIVAÇÃO",70700001
SUB,70702039,PROCESSOS COGNITIVOS E ATENCIONAIS,70700001
SUB,70702047,ESTADOS SUBJETIVOS E EMOÇÃO,70700001
SUB,70703000,PSICOLOGIA FISIOLÓGICA,70700001
SUB,70703019,"NEUROLOGIA, ELETROFISIOLOGIA E COMPORTAMENTO",70700001
SUB,70703027,PROCESSOS PSICO-FISIOLÓGICOS,70700001
SUB,70703035,ESTIMULAÇÃO ELÉTRICA E COM DROGAS; COMPORTAMENTO,70700001
SUB,70703043,PSICOBIOLOGIA,70700001
SUB,70704007,PSICOLOGIA COMPARATIVA,70700001
SUB,70704015,ESTUDOS NATURALÍSTICOS DO COMPORTAMENTO ANIMAL,70700001
SUB,70704023,MECANISMOS INSTINTIVOS E PROCESSOS SOCIAIS EM ANIMAIS,70700001
SUB,70705003,PSICOLOGIA SOCIAL,70700001
SUB,70705011,RELAÇÕES INTERPESSOAIS,70700001
SUB,70705020,PROCESSOS GRUPAIS E DE COMUNICAÇÃO,70700001
SUB,70705038,PAPEIS E ESTRUTURAS SOCIAIS; INDIVÍDUO,70700001
SUB,70706000,PSICOLOGIA COGNITIVA,70700001
SUB,70707006,PSICOLOGIA DO DESENVOLVIMENTO HUMANO,70700001
SUB,70707014,PROCESSOS PERCEPTUAIS E COGNITIVOS; DESENVOLVIMENTO,70700001
SUB,70707022,DESENVOLVIMENTO SOCIAL E DA PERSONALIDADE,70700001
SUB,70708002,PSICOLOGIA DO ENSINO E DA APRENDIZAGEM,70700001
SUB,70708010,PLANEJAMENTO INSTITUCIONAL,70700001
SUB,70708029,PROGRAMAÇÃO DE CONDIÇÕES DE ENSINO,70700001
SUB,70708037,TREINAMENTO DE PESSOAL,70700001
SUB,70708045,APRENDIZAGEM E DESEMPENHO ACADÊMICOS,70700001
SUB,70708053,ENSINO E APRENDIZAGEM NA SALA DE AULA,70700001
SUB,70709009,PSICOLOGIA DO TRABALHO E ORGANIZACIONAL,70700001
SUB,70709017,ANÁLISE INSTITUCIONAL,70700001
SUB,70709025,RECRUTAMENTO E SELEÇÃO DE PESSOAL,70700001
SUB,70709033,TREINAMENTO E AVALIAÇÃO,70700001
SUB,70709041,FATORES HUMANOS NO TRABALHO,70700001
SUB,70709050,PLANEJAMENTO AMBIENTAL E COMPORTAMENTO HUMANO,70700001
SUB,70710007,TRATAMENTO E PREVENÇÃO PSICOLÓGICA,70700001
SUB,70710015,INTERVENÇÃO TERAPÊUTICA,70700001
SUB,70710023,PROGRAMAS DE ATENDIMENTO COMUNITÁRIO,70700001
SUB,70710031,TREINAMENTO E REABILITAÇÃO,70700001
SUB,70710040,DESVIOS DA CONDUTA,70700001
SUB,70710058,DISTÚRBIOS DA LINGUAGEM,70700001
SUB,70710066,DISTÚRBIOS PSICOSSOMÁTICOS,70700001
AREA,70800006,EDUCAÇÃO,70000000
SUB,70801002,FUNDAMENTOS DA EDUCAÇÃO,70800006
SUB,70801010,FILOSOFIA DA EDUCAÇÃO,70800006
SUB,70801029,HISTÓRIA DA EDUCAÇÃO,70800006
SUB,70801037,SOCIOLOGIA DA EDUCAÇÃO,70800006
SUB,70801045,ANTROPOLOGIA EDUCACIONAL,70800006
SUB,70801053,ECONOMIA DA EDUCAÇÃO,70800006
SUB,70801061,PSICOLOGIA EDUCACIONAL,70800006
SUB,70802009,ADMINISTRAÇÃO EDUCACIONAL,70800006
SUB,70802017,ADMINISTRAÇÃO DE SISTEMAS EDUCACIONAIS,70800006
SUB,70802025,ADMINISTRAÇÃO DE UNIDADES EDUCATIVAS,70800006
SUB,70803005,PLANEJAMENTO E AVALIAÇÃO EDUCACIONAL,70800006
SUB,70803013,POLÍTICA EDUCACIONAL,70800006
SUB,70803021,PLANEJAMENTO EDUCACIONAL,70800006
SUB,70803030,"AVAL. DE SISTEMAS, INST. PLANOS  E PROGRAMAS EDUCACIONAIS",70800006
SUB,70804001,ENSINO-APRENDIZAGEM,70800006
SUB,70804010,TEORIAS DA INSTRUÇÃO,70800006
SUB,70804028,MÉTODOS E TÉCNICAS DE ENSINO,70800006
SUB,70804036,TECNOLOGIA EDUCACIONAL,70800006
SUB,70804044,AVALIAÇÃO DA APRENDIZAGEM,70800006
SUB,70805008,CURRÍCULO,70800006
SUB,70805016,TEORIA GERAL DE PLANEJAMENTO E DESENV. CURRICULAR,70800006
SUB,70805024,CURRÍCULOS ESPECÍFICOS PARA NÍVEIS E TIPOS DE EDUCAÇÃO,70800006
SUB,70806004,ORIENTAÇÃO E ACONSELHAMENTO,70800006
SUB,70806012,ORIENTAÇÃO EDUCACIONAL,70800006
SUB,70806020,ORIENTAÇÃO VOCACIONAL,70800006
SUB,70807000,TÓPICOS ESPECÍFICOS DE EDUCAÇÃO,70800006
SUB,70807019,EDUCAÇÃO DE ADULTOS,70800006
SUB,70807027,EDUCAÇÃO PERMANENTE,70800006
SUB,70807035,EDUCAÇÃO RURAL,70800006
SUB,70807043,EDUCAÇÃO EM PERIFERIAS URBANAS,70800006
SUB,70807051,EDUCAÇÃO ESPECIAL,70800006
SUB,70807060,EDUCAÇÃO PRÉ-ESCOLAR,70800006
SUB,70807078,ENSINO PROFISSIONALIZANTE,70800006
AREA,70900000,CIÊNCIA POLÍTICA,70000000
SUB,70901007,TEORIA POLÍTICA,70900000
SUB,70901015,TEORIA POLÍTICA CLÁSSICA,70900000
SUB,70901023,TEORIA POLÍTICA MEDIEVAL,70900000
SUB,70901031,TEORIA POLÍTICA MODERNA,70900000
SUB,70901040,TEORIA POLÍTICA CONTEMPORÂNEA,70900000
SUB,70902003,ESTADO E GOVERNO,70900000
SUB,70902011,ESTRUTURA E TRANSFORMAÇÃO DO ESTADO,70900000
SUB,70902020,SISTEMAS GOVERNAMENTAIS COMPARADOS,70900000
SUB,70902038,RELAÇÕES INTERGOVERNAMENTAIS,70900000
SUB,70902046,ESTUDOS DO PODER LOCAL,70900000
SUB,70902054,INSTITUIÇÕES GOVERNAMENTAIS ESPECÍFICAS,70900000
SUB,70903000,COMPORTAMENTO POLÍTICO,70900000
SUB,70903018,ESTUDOS ELEITORAIS E PARTIDOS POLÍTICOS,70900000
SUB,70903026,ATITUDE E IDEOLOGIAS POLÍTICAS,70900000
SUB,70903034,CONFLITOS E COALIZÕES POLÍTICAS,70900000
SUB,70903042,COMPORTAMENTO LEGISLATIVO,70900000
SUB,70903050,CLASSES SOCIAIS E GRUPOS DE INTERESSE,70900000
SUB,70904006,POLÍTICAS PÚBLICAS,70900000
SUB,70904014,ANÁLISE DO PROCESSO DECISÓRIO,70900000
SUB,70904022,ANÁLISE INSTITUCIONAL,70900000
SUB,70904030,TÉCNICAS DE ANTECIPAÇÃO,70900000
SUB,70905002,POLÍTICA INTERNACIONAL,70900000
SUB,70905010,POLÍTICA EXTERNA DO BRASIL,70900000
SUB,70905029,ORGANIZAÇÕES INTERNACIONAIS,70900000
SUB,70905037,"INTEGRAÇÃO INTERNACIONAL, CONFLITO, GUERRA E PAZ",70900000
SUB,70905045,"RELAÇÕES INTERNACIONAIS, BILATERAIS E MULTILATERAIS",70900000
MACRO,80000002,"LINGUÍSTICA, LETRAS E ARTES",
AREA,80100007,LINGUÍSTICA,80000002
SUB,80101003,TEORIA E ANÁLISE LINGUÍSTICA,80100007
SUB,80102000,FISIOLOGIA DA LINGUAGEM,80100007
SUB,80103006,LINGÜÍSTICA HISTÓRICA,80100007
SUB,80104002,SOCIOLINGUÍSTICA E DIALETOLOGIA,80100007
SUB,80105009,PSICOLINGUÍSTICA,80100007
SUB,80106005,LINGUÍSTICA APLICADA,80100007
AREA,80200001,LETRAS,80000002
SUB,80201008,LÍNGUA PORTUGUESA,80200001
SUB,80202004,LÍNGUAS ESTRANGEIRAS MODERNAS,80200001
SUB,80203000,LÍNGUAS CLÁSSICAS,80200001
SUB,80204007,LÍNGUAS INDÍGENAS,80200001
SUB,80205003,TEORIA LITERARIA,80200001
SUB,80206000,LITERATURA BRASILEIRA,80200001
SUB,80207006,OUTRAS LITERATURAS VERNÁCULAS,80200001
SUB,80208002,LITERATURAS ESTRANGEIRAS MODERNAS,80200001
SUB,80209009,LITERATURAS CLÁSSICAS,80200001
SUB,80210007,LITERATURA COMPARADA,80200001
AREA,80300006,ARTES,80000002
SUB,80301002,FUNDAMENTOS E CRÍTICA DAS ARTES,80300006
SUB,80301010,TEORIA DA ARTE,80300006
SUB,80301029,HISTÓRIA DA ARTE,80300006
SUB,80301037,CRÍTICA DA ARTE,80300006
SUB,80302009,ARTES PLÁSTICAS,80300006
SUB,80302017,PINTURA,80300006
SUB,80302025,DESENHO,80300006
SUB,80302033,GRAVURA,80300006
SUB,80302041,ESCULTURA,80300006
SUB,80302050,CERÂMICA,80300006
SUB,80302068,TECELAGEM,80300006
SUB,80303005,MÚSICA,80300006
SUB,80303013,REGÊNCIA,80300006
SUB,80303021,INSTRUMENTAÇÃO MUSICAL,80300006
SUB,80303030,COMPOSIÇÃO MUSICAL,80300006
SUB,80303048,CANTO,80300006
SUB,80304001,DANÇA,80300006
SUB,80304010,EXECUÇÃO DA DANÇA,80300006
SUB,80304028,COREOGRAFIA,80300006
SUB,80305008,TEATRO,80300006
SUB,80305016,DRAMATURGIA,80300006
SUB,80305024,DIREÇÃO TEATRAL,80300006
SUB,80305032,CENOGRAFIA,80300006
SUB,80305040,INTERPRETAÇÃO TEATRAL,80300006
SUB,80306004,ÓPERA,80300006
SUB,80307000,FOTOGRAFIA,80300006
SUB,80308007,CINEMA,80300006
SUB,80308015,ADMINISTRAÇÃO E PRODUÇÃO DE FILMES,80300006
SUB,80308023,ROTEIRO E DIREÇÃO CINEMATOGRÁFICOS,80300006
SUB,80308031,TÉCNICAS DE REGISTROS E PROCESSAMENTO DE FILMES,80300006
SUB,80308040,INTERPRETAÇÃO CINEMATOGRÁFICA,80300006
SUB,80309003,ARTES DO VÍDEO,80300006
SUB,80310001,EDUCAÇÃO ARTÍSTICA,80300006
MACRO,90000005,MULTIDISCIPLINAR,
AREA,90100000,INTERDISCIPLINAR,90000005
SUB,90191000,MEIO AMBIENTE E AGRÁRIAS,90100000
SUB,90192000,SOCIAIS E HUMANIDADES,90100000
SUB,90193000,ENGENHARIA/TECNOLOGIA/GESTÃO,90100000
SUB,90194000,SAÚDE E BIOLÓGICAS,90100000
AREA,90200000,ENSINO,90000005
SUB,90201000,ENSINO DE CIÊNCIAS E MATEMÁTICA,90200000
AREA,90300009,MATERIAIS,90000005
AREA,90400003,BIOTECNOLOGIA,90000005
AREA,90500008,CIÊNCIAS AMBIENTAIS,90000005